DTXSID,preferredName,CASRN,MOLECULAR FORMULA,MONOISOTOPIC MASS,ToxCast Active,ToxCast Total,% ToxCast Active,HIT CALL,TOP,SCALED TOP,AC50,LOGAC50
https://comptox.epa.gov/dashboard/chemical/details/DTXSID0020319,Chlorothalonil,1897-45-6,C8Cl4N2,263.881559,341,737,46,Active,28.2510318448043,1.41255159224022,25.3793654609143,1.40448075959208
https://comptox.epa.gov/dashboard/chemical/details/DTXSID0020573,17beta-Estradiol,50-28-2,C18H24O2,272.17763,188,657,29,Active,99.0487136924101,4.95243568462051,0.000130334234664513,-3.88494149393399
https://comptox.epa.gov/dashboard/chemical/details/DTXSID0020814,Mestranol,72-33-3,C21H26O2,310.19328,131,527,25,Active,71.678555509409,3.58392777547045,0.0472529598044349,-1.32557098320816
https://comptox.epa.gov/dashboard/chemical/details/DTXSID0021460,Zearalenone,17924-92-4,C18H22O5,318.146724,150,416,36,Active,74.1163751864123,3.70581875932062,0.109167148570056,-0.961908033254263
https://comptox.epa.gov/dashboard/chemical/details/DTXSID0021464,Ziram,137-30-4,C6H12N2S4Zn,303.917475,368,632,58,Active,44.7607922292815,2.23803961146407,28.8080877333136,1.45951443098319
https://comptox.epa.gov/dashboard/chemical/details/DTXSID0021626,4-Isopropylbenzyl alcohol,536-60-7,C10H14O,150.104465,6,431,1,Active,27.7681528261505,1.38840764130752,33.8423076487882,1.52945996917092
https://comptox.epa.gov/dashboard/chemical/details/DTXSID0022727,Canthaxanthin,514-78-3,C40H52O2,564.396731,3,78,4,Active,22.2625760071897,1.11312880035948,33.7863804922492,1.52874166864852
https://comptox.epa.gov/dashboard/chemical/details/DTXSID0023907,Benzo(b)fluoranthene,205-99-2,C20H12,252.0939,160,624,26,Active,74.183128074026,3.7091564037013,34.4357849662308,1.53700998720858
https://comptox.epa.gov/dashboard/chemical/details/DTXSID0023909,Benzo[k]fluoranthene,207-08-9,C20H12,252.0939,58,267,22,Active,249.342740352799,12.46713701764,5.18712367636724,0.714926602981729
https://comptox.epa.gov/dashboard/chemical/details/DTXSID0025076,"1,8-Dihydroxy-4,5-dinitroanthraquinone",81-55-0,C14H6N2O8,330.012415,133,234,57,Active,49.9173815885731,2.49586907942866,34.174032893683,1.53369623311902
https://comptox.epa.gov/dashboard/chemical/details/DTXSID0025997,13-cis-Retinal,472-86-6,C20H28O,284.214016,90,234,38,Active,21.9368425813941,1.09684212906971,46.5261785611323,1.66769738311637
https://comptox.epa.gov/dashboard/chemical/details/DTXSID0027773,Trimethylolpropane triacrylate,15625-89-5,C15H20O6,296.125988,250,433,58,Active,33.9188815917141,1.6959440795857,57.449694900017,1.75928772660845
https://comptox.epa.gov/dashboard/chemical/details/DTXSID0033382,Daunomycin hydrochloride,23541-50-6,C27H30ClNO10,563.155824,139,234,59,Active,63.4515522747524,3.17257761373762,75.5173783344348,1.87804690455999
https://comptox.epa.gov/dashboard/chemical/details/DTXSID0034192,17beta-Trenbolone,10161-33-8,C18H22O2,270.16198,180,705,26,Active,105.984957393012,5.2992478696506,1.06425564946234,0.0270459642509185
https://comptox.epa.gov/dashboard/chemical/details/DTXSID0034566,Emamectin benzoate,155569-91-8,, ,486,827,59,Active,106.683081246737,5.33415406233685,30.6776706198026,1.48682238019962
https://comptox.epa.gov/dashboard/chemical/details/DTXSID0040965,Androstenone,18339-16-7,C19H28O,272.214016,5,78,6,Active,96.1970184044074,4.80985092022037,17.5501031824038,1.24427967415893
https://comptox.epa.gov/dashboard/chemical/details/DTXSID0043896,Fenoldopam,67227-56-9,C16H16ClNO3,305.081871,5,234,2,Active,95.3956570977469,4.76978285488735,15.6437082007422,1.19433970653927
https://comptox.epa.gov/dashboard/chemical/details/DTXSID0044525,Phenylmercuric lactate,122-64-5,C9H10HgO3,368.033637,148,237,62,Active,43.1903363334789,2.15951681667395,2.82755043657668,0.451410360416795
https://comptox.epa.gov/dashboard/chemical/details/DTXSID0046307,Falnidamol dihydrochloride,1216920-18-1,C18H21Cl3FN7,459.090805,102,234,44,Active,117.809166930167,5.89045834650836,21.0640246653309,1.32354135464391
https://comptox.epa.gov/dashboard/chemical/details/DTXSID0046480,Prulifloxacin,123447-62-1,C21H20FN3O6S,461.105685,7,234,3,Active,29.1468090996664,1.45734045498332,31.5230202809352,1.49862782139696
https://comptox.epa.gov/dashboard/chemical/details/DTXSID0046806,Testosterone isocaproate,15262-86-9,C25H38O3,386.282095,13,78,17,Active,92.9121926512374,4.64560963256187,11.3477096789344,1.05490821622765
https://comptox.epa.gov/dashboard/chemical/details/DTXSID0047325,SB413217A,NOCAS_47325,C30H36ClFN4O2,538.251082,106,630,17,Active,24.2882145617764,1.21441072808882,32.4587422333695,1.51133168703395
https://comptox.epa.gov/dashboard/chemical/details/DTXSID0047377,AVE6324,NOCAS_47377,C31H36Cl2N4O7S,678.168176,349,659,53,Active,97.590108795509,4.87950543977545,65.7941214714789,1.81818709229864
https://comptox.epa.gov/dashboard/chemical/details/DTXSID0047953,Trihexyltetradecylphosphonium bromide,654057-97-3,C32H68BrP,562.424202,151,234,65,Active,107.37372479354,5.368686239677,31.2961373394261,1.49549073896206
https://comptox.epa.gov/dashboard/chemical/details/DTXSID0047957,Octylparaben,1219-38-1,C15H22O3,250.156895,146,394,37,Active,32.5773415572386,1.62886707786193,63.5995593705335,1.80345410678664
https://comptox.epa.gov/dashboard/chemical/details/DTXSID0048189,Lauryl gallate,1166-52-5,C19H30O5,338.209324,179,365,49,Active,52.5133434104155,2.62566717052078,71.4835073468036,1.85420585306687
https://comptox.epa.gov/dashboard/chemical/details/DTXSID0048505,PharmaGSID_48505,NOCAS_48505,C17H12ClN5O2,353.067952,291,623,47,Active,28.0558343239697,1.40279171619848,30.8786881728874,1.48965884181338
https://comptox.epa.gov/dashboard/chemical/details/DTXSID0048842,Proglumetacin,57132-53-3,C46H58ClN5O8,843.397392,76,234,32,Active,67.4709229781073,3.37354614890536,7.75293032713462,0.889465881134871
https://comptox.epa.gov/dashboard/chemical/details/DTXSID0048973,Mestanolone,521-11-9,C20H32O2,304.24023,11,78,14,Active,104.721607221885,5.23608036109424,0.738619501547147,-0.131579229987902
https://comptox.epa.gov/dashboard/chemical/details/DTXSID1020510,"7,12-Dimethylbenz(a)anthracene",57-97-6,C20H16,256.125201,349,702,50,Active,47.1839444805781,2.35919722402891,40,1.60205999132796
https://comptox.epa.gov/dashboard/chemical/details/DTXSID1020433,"3,3'-Dichlorobenzidine dihydrochloride",612-83-9,C12H12Cl4N2,323.975459,156,477,33,Active,22.8490591319085,1.14245295659543,15.8131513100082,1.19901842655261
https://comptox.epa.gov/dashboard/chemical/details/DTXSID1020770,Kepone,143-50-0,C10Cl10O,485.683442,441,758,58,Active,26.7223333312006,1.33611666656003,4.59792904137747,0.662562264633129
https://comptox.epa.gov/dashboard/chemical/details/DTXSID1020560,Endosulfan,115-29-7,C9H6Cl6O3S,403.816881,339,800,42,Active,23.3846445424614,1.16923222712307,10.691223704819,1.02902741688649
https://comptox.epa.gov/dashboard/chemical/details/DTXSID1021031,4-Nitrosodiphenylamine,156-10-5,C12H10N2O,198.079313,176,362,49,Active,82.0915447485551,4.10457723742776,34.6440362291423,1.53962848409381
https://comptox.epa.gov/dashboard/chemical/details/DTXSID1021114,Perhexiline maleate,6724-53-4,C23H39NO4,393.287909,128,234,55,Active,52.4036194375477,2.62018097187738,37.4619711844894,1.57359062546911
https://comptox.epa.gov/dashboard/chemical/details/DTXSID1021409,Triphenyltin hydroxide,76-87-9,C18H16OSn,368.022317,398,695,57,Active,72.2651296717145,3.61325648358572,41.3006086954908,1.61595645241051
https://comptox.epa.gov/dashboard/chemical/details/DTXSID1021247,C.I. Basic Red 9 monohydrochloride,569-61-9,C19H18ClN3,323.118925,118,324,36,Active,21.5408265396432,1.07704132698216,75.3852241611181,1.87728623056291
https://comptox.epa.gov/dashboard/chemical/details/DTXSID1022425,"4,4'-Dihydoxybenzophenone",611-99-4,C13H10O3,214.062994,16,234,7,Active,63.0740430760595,3.15370215380297,28.0244611277761,1.44753727045583
https://comptox.epa.gov/dashboard/chemical/details/DTXSID1022508,4-Dodecylphenol,104-43-8,C18H30O,262.229666,189,395,48,Active,41.8796034512752,2.09398017256376,3.30897736427854,0.519693796291751
https://comptox.epa.gov/dashboard/chemical/details/DTXSID1022394,Biochanin A,491-80-5,C16H12O5,284.068473,141,419,34,Active,31.5955832890423,1.57977916445211,9.55385212869124,0.980178515135486
https://comptox.epa.gov/dashboard/chemical/details/DTXSID1023231,Lysergide,50-37-3,C20H25N3O,323.199762,29,234,12,Active,111.561451178576,5.57807255892881,17.8256949792475,1.25104647090923
https://comptox.epa.gov/dashboard/chemical/details/DTXSID1024209,Naled,300-76-5,C4H7Br2Cl2O4P,377.782577,218,697,31,Active,24.724132609925,1.23620663049625,63.9801339604693,1.80604514506712
https://comptox.epa.gov/dashboard/chemical/details/DTXSID1025065,Digitonin,11024-24-1,C56H92O29,1228.572427,157,237,66,Active,108.217684643119,5.41088423215594,64.1729501032958,1.80735200475998
https://comptox.epa.gov/dashboard/chemical/details/DTXSID1025017,Dicumyl peroxide,80-43-3,C18H22O2,270.16198,143,599,24,Active,35.0809661535097,1.75404830767549,15.6809736895609,1.19537302613378
https://comptox.epa.gov/dashboard/chemical/details/DTXSID1025431,3-Hydroxy-N-phenylaniline,101-18-8,C12H11NO,185.084064,23,234,10,Active,27.9513231724632,1.39756615862316,68.5743285928477,1.83616156414607
https://comptox.epa.gov/dashboard/chemical/details/DTXSID1026902,"N,N,N-Trimethyloctadecan-1-aminium chloride",112-03-8,C21H46ClN,347.331878,273,436,63,Active,44.4989598865434,2.22494799432717,64.5129760267966,1.80964707665151
https://comptox.epa.gov/dashboard/chemical/details/DTXSID1027633,Irganox 1010,6683-19-8,C73H108O12,1176.784079,10,350,3,Active,46.2829984365174,2.31414992182587,19.6172638709528,1.29263843379767
https://comptox.epa.gov/dashboard/chemical/details/DTXSID1027635,"2,2,4-Trimethyl-1,3-pentanediol diisobutyrate",6846-50-0,C16H30O4,286.214409,27,624,4,Active,92.1183349124147,4.60591674562073,23.8280839989158,1.37708912240722
https://comptox.epa.gov/dashboard/chemical/details/DTXSID1027714,9-Octadecen-1-ol-ethylene oxide copolymer,9004-98-2,(C2H4O)nC18H36O, ,138,234,59,Active,108.814763503485,5.44073817517426,95.1511148660625,1.97841388119206
https://comptox.epa.gov/dashboard/chemical/details/DTXSID1027926,n-Dodecylphenol,27193-86-8,C18H30O,262.229666,192,393,49,Active,50.9761048249839,2.54880524124919,2.36083324134921,0.373065311551585
https://comptox.epa.gov/dashboard/chemical/details/DTXSID1029120,"4,4'-Biphenyldiol",92-88-6,C12H10O2,186.06808,44,234,19,Active,50.6551487833002,2.53275743916501,28.4608525620999,1.45424790549773
https://comptox.epa.gov/dashboard/chemical/details/DTXSID1032484,Temephos,3383-96-8,C16H20O6P2S3,465.989726,128,492,26,Active,21.5018536153872,1.07509268076936,33.6070270450095,1.52643009547888
https://comptox.epa.gov/dashboard/chemical/details/DTXSID1033664,17-Methyltestosterone,58-18-4,C20H30O2,302.22458,157,696,23,Active,66.2325853430641,3.31162926715321,5.33180527140331,0.726874279695438
https://comptox.epa.gov/dashboard/chemical/details/DTXSID1034187,Tamoxifen,10540-29-1,C26H29NO,371.224915,356,739,48,Active,92.0971468152832,4.60485734076416,65.5193829370012,1.81636979857658
https://comptox.epa.gov/dashboard/chemical/details/DTXSID1036541,Pregnenolone,145-13-1,C21H32O2,316.24023,57,452,13,Active,62.3563914387882,3.11781957193941,2.72352146950696,0.435130803164008
https://comptox.epa.gov/dashboard/chemical/details/DTXSID1038666,Chlorpyrifos oxon,5598-15-2,C9H11Cl3NO4P,332.949128,215,756,28,Active,46.8622871091162,2.34311435545581,29.5676359356354,1.47081660213342
https://comptox.epa.gov/dashboard/chemical/details/DTXSID1040619,Bexarotene,153559-49-0,C24H28O2,348.20893,171,366,47,Active,77.0372773129787,3.85186386564893,74.1692166958619,1.87022369243419
https://comptox.epa.gov/dashboard/chemical/details/DTXSID1041502,"3-Methyl-4,6-di-tert-butylphenol",497-39-2,C15H24O,220.182715,260,445,58,Active,26.9456258794264,1.34728129397132,70.638563907537,1.84904186138814
https://comptox.epa.gov/dashboard/chemical/details/DTXSID1042499,Triphenylbismuthine dichloride,594-30-9,C18H15BiCl2,510.03548,171,319,54,Active,27.1634905756944,1.35817452878472,36.8370327373737,1.56628464004584
https://comptox.epa.gov/dashboard/chemical/details/DTXSID1044487,Methyltrioctylammonium chloride,5137-55-3,C25H54ClN,403.394478,184,373,49,Active,108.481746631289,5.42408733156444,50.2515984940134,1.70114988113905
https://comptox.epa.gov/dashboard/chemical/details/DTXSID1044514,Hexylparaben,1083-27-8,C13H18O3,222.125594,132,319,41,Active,34.9473727373755,1.74736863686877,61.502149482972,1.78889029451169
https://comptox.epa.gov/dashboard/chemical/details/DTXSID1044936,"(2,4,6-Trioxo-1,3,5-triazinane-1,3,5-triyl)triethane-2,1-diyl trisprop-2-enoate",40220-08-4,C18H21N3O9,423.127779,135,319,42,Active,60.5385179331292,3.02692589665646,29.4243409820941,1.468706744717
https://comptox.epa.gov/dashboard/chemical/details/DTXSID1045081,8-Quinolinol salicylic acid (1:1),2439-07-8,C16H13NO4,283.084458,15,234,6,Active,27.0557036247564,1.35278518123782,31.4681024581258,1.49787055553441
https://comptox.epa.gov/dashboard/chemical/details/DTXSID1045661,Tesmilifene,98774-23-3,C19H25NO,283.193614,30,234,13,Active,79.1051720767186,3.95525860383593,37.4582710224517,1.57354772758439
https://comptox.epa.gov/dashboard/chemical/details/DTXSID1046552,Oxytocin acetate,6233-83-6,C45H70N12O14S2,1066.457587,3,78,4,Active,49.2968690544767,2.46484345272383,29.6831279191581,1.47250966367079
https://comptox.epa.gov/dashboard/chemical/details/DTXSID1046683,Deslorelin acetate,82318-06-7,C66H87N17O14,1341.661841,47,78,60,Active,54.1421435234074,2.70710717617037,34.8608296351998,1.54233771845102
https://comptox.epa.gov/dashboard/chemical/details/DTXSID1046970,"2-(2,6-Diisopropylphenyl)-5-hydroxy-1H-isoindole-1,3-dione",105624-86-0,C20H21NO3,323.152144,312,688,45,Active,61.9860624512019,3.0993031225601,0.516834316701424,-0.286648657823978
https://comptox.epa.gov/dashboard/chemical/details/DTXSID1046922,Norgestimate,35189-28-7,C23H31NO3,369.230394,90,234,38,Active,81.8650376823231,4.09325188411616,0.93618341677899,-0.0286390560788643
https://comptox.epa.gov/dashboard/chemical/details/DTXSID1047102,Dehydroabietylamine acetate,2026-24-6,C22H35NO2,345.266779,166,319,52,Active,75.566556357952,3.7783278178976,74.1547026238514,1.87013869762778
https://comptox.epa.gov/dashboard/chemical/details/DTXSID1047366,SAR115740,NOCAS_47366,C24H17F2N3O,401.133969,312,628,50,Active,47.1036983907926,2.35518491953963,55.0879701767639,1.74105677024459
https://comptox.epa.gov/dashboard/chemical/details/DTXSID1047944,Trihexyltetradecylphosphonium chloride,258864-54-9,C32H68ClP,518.474717,149,234,64,Active,133.111919778374,6.65559598891871,37.1163548260512,1.56956531785217
https://comptox.epa.gov/dashboard/chemical/details/DTXSID1049271,"9,10-Dihydrobenzo[a]pyren-7(8H)-one",3331-46-2,C20H14O,270.104465,64,234,27,Active,81.4051032607156,4.07025516303578,56.3311139088528,1.75074833919354
https://comptox.epa.gov/dashboard/chemical/details/DTXSID1049352,"1,3-Didecyl-2-methylimidazolium chloride",70862-65-6,C24H47ClN2,398.342777,145,234,62,Active,66.3987405067465,3.31993702533732,43.0289928310744,1.63376118077868
https://comptox.epa.gov/dashboard/chemical/details/DTXSID1049516,NTP Mix96 ER1 10-EQP,NOCAS_49516,, ,16,234,7,Active,32.9819019436339,1.6490950971817,23.7007570787587,1.37476221900065
https://comptox.epa.gov/dashboard/chemical/details/DTXSID1049514,NTP Mix118 ER1 5-EQP,NOCAS_49514,, ,19,234,8,Active,37.8253161943024,1.89126580971512,22.6247340676558,1.35458348318648
https://comptox.epa.gov/dashboard/chemical/details/DTXSID1049518,NTP Mix99 ER1 10-EQP,NOCAS_49518,, ,7,234,3,Active,29.6827987900694,1.48413993950347,31.4832123410308,1.49807903851573
https://comptox.epa.gov/dashboard/chemical/details/DTXSID2020139,Benzo[a]pyrene,50-32-8,C20H12,252.0939,68,257,26,Active,70.6024985733321,3.5301249286666,5.77853831229447,0.761817997039031
https://comptox.epa.gov/dashboard/chemical/details/DTXSID2020345,Copper dimethyldithiocarbamate,137-29-1,C6H12CuN2S4,302.917931,116,234,50,Active,21.2397070930351,1.06198535465176,2.18843773537901,0.340134194738947
https://comptox.epa.gov/dashboard/chemical/details/DTXSID2020717,4-(Benzyloxyl)phenol,103-16-2,C13H12O2,200.08373,46,249,18,Active,52.6675767651055,2.63337883825528,32.0294251459433,1.50554914415289
https://comptox.epa.gov/dashboard/chemical/details/DTXSID2021577,"1,3-Dichloropropanone",534-07-6,C3H4Cl2O,125.96392,99,321,31,Active,32.5893663748099,1.6294683187405,71.6470365642389,1.85519823199206
https://comptox.epa.gov/dashboard/chemical/details/DTXSID2022123,2-Hydroxyethyl acrylate,818-61-1,C5H8O3,116.047344,40,359,11,Active,36.1070667291268,1.80535333645634,43.4771245824049,1.63826081371949
https://comptox.epa.gov/dashboard/chemical/details/DTXSID2022127,4-Phenoxyphenol,831-82-3,C12H10O2,186.06808,45,319,14,Active,71.8970084510142,3.59485042255071,48.216881495184,1.68319911825152
https://comptox.epa.gov/dashboard/chemical/details/DTXSID2022381,Hexestrol,84-16-2,C18H22O2,270.16198,324,709,46,Active,100.876001778191,5.04380008890956,9.93676368753917E-05,-4.00275503828879
https://comptox.epa.gov/dashboard/chemical/details/DTXSID2022880,Danazol,17230-88-5,C22H27NO2,337.204179,193,468,41,Active,109.160707215441,5.45803536077207,7.02980866967328,0.84694350498627
https://comptox.epa.gov/dashboard/chemical/details/DTXSID2022967,Doxifluridine,3094-09-5,C9H11FN2O5,246.0652,21,234,9,Active,37.5968216323999,1.87984108162,28.5794774925037,1.45605428449006
https://comptox.epa.gov/dashboard/chemical/details/DTXSID2023016,Ethisterone,434-03-7,C21H28O2,312.20893,25,322,8,Active,94.9780164394519,4.7489008219726,2.42248144610257,0.384260459454019
https://comptox.epa.gov/dashboard/chemical/details/DTXSID2023276,Methandrostenolone,72-63-9,C20H28O2,300.20893,27,246,11,Active,94.311301596085,4.71556507980425,0.654376171340176,-0.184172523584732
https://comptox.epa.gov/dashboard/chemical/details/DTXSID2023353,Nandrolone phenpropionate,62-90-8,C27H34O3,406.250795,22,246,9,Active,91.2605012245497,4.56302506122749,1.57842915801813,0.198225094956638
https://comptox.epa.gov/dashboard/chemical/details/DTXSID2023642,Terfenadine,50679-08-8,C32H41NO2,471.31373,89,234,38,Active,34.1364149473614,1.70682074736807,38.0946241162248,1.58086369269956
https://comptox.epa.gov/dashboard/chemical/details/DTXSID2023644,Testolactone,968-93-4,C19H24O3,300.172545,4,78,5,Active,71.3807719330265,3.56903859665133,24.0438834198779,1.38100461356432
https://comptox.epa.gov/dashboard/chemical/details/DTXSID2024585,Benzo(f)quinoline,85-02-9,C13H9N,179.073499,64,434,15,Active,43.631723269628,2.1815861634814,38.5004217494024,1.58546548697434
https://comptox.epa.gov/dashboard/chemical/details/DTXSID2024458,2-Aminoanthracene,613-13-8,C14H11N,193.089149,68,319,21,Active,24.9161575796522,1.24580787898261,5.04394106033172,0.702770003094887
https://comptox.epa.gov/dashboard/chemical/details/DTXSID2025139,Benzalkonium chloride C18 (BAC C18),122-19-0,C27H50ClN,423.363178,266,449,59,Active,78.8714315802873,3.94357157901437,71.4592684036283,1.85405856560427
https://comptox.epa.gov/dashboard/chemical/details/DTXSID2025632,4-Methyl-2-nitroaniline,89-62-3,C7H8N2O2,152.058578,11,325,3,Active,26.9588477926676,1.34794238963338,51.2216288553384,1.70945338498047
https://comptox.epa.gov/dashboard/chemical/details/DTXSID2026076,Tannic acid,1401-55-4,, ,252,611,41,Active,49.6843042992566,2.48421521496283,16.8318571001729,1.22613203539725
https://comptox.epa.gov/dashboard/chemical/details/DTXSID2025842,Pentaerythritol triacrylate,3524-68-3,C14H18O7,298.105253,270,436,62,Active,34.4655805466294,1.72327902733147,30.827089574481,1.48893252435648
https://comptox.epa.gov/dashboard/chemical/details/DTXSID2032005,4-Hydroxyphenyl retinamide,65646-68-6,C26H33NO2,391.251129,138,234,59,Active,24.6736769721138,1.23368384860569,76.6027382893568,1.88424429447205
https://comptox.epa.gov/dashboard/chemical/details/DTXSID2032398,Fludioxonil,131341-86-1,C12H6F2N2O2,248.039734,227,735,31,Active,24.7255340338803,1.23627670169401,15.5122068222248,1.19067358650078
https://comptox.epa.gov/dashboard/chemical/details/DTXSID2033736,Nelfinavir mesylate,159989-65-8,C33H51N3O8S2,681.311758,120,234,51,Active,50.0343179310789,2.50171589655395,34.6811984375643,1.54009409646935
https://comptox.epa.gov/dashboard/chemical/details/DTXSID2036112,2-(8-Heptadecenyl)-2-imidazoline-1-ethanol,95-38-5,C22H42N2O,350.329714,151,366,41,Active,63.6765280922006,3.18382640461003,66.5686209835346,1.82326956032489
https://comptox.epa.gov/dashboard/chemical/details/DTXSID2037186,4'-(Acridin-9-ylamino)-3'-methoxymethanesulfonanilide hydrochloride,54301-15-4,C21H20ClN3O3S,429.09139,44,78,56,Active,25.1762754964588,1.25881377482294,23.4140703477124,1.36947691886062
https://comptox.epa.gov/dashboard/chemical/details/DTXSID2041206,alpha-Terthiophene,1081-34-1,C12H8S3,247.978814,76,334,23,Active,22.1336255709198,1.10668127854599,36.241367034631,1.55920457102463
https://comptox.epa.gov/dashboard/chemical/details/DTXSID2041759,Quaternium 17,124-03-8,C20H44BrN,377.265713,282,453,62,Active,59.1643652148298,2.95821826074149,76.0692217716619,1.88120897321569
https://comptox.epa.gov/dashboard/chemical/details/DTXSID2042220,Nuarimol,63284-71-9,C17H12ClFN2O,314.062219,12,244,5,Active,24.423851442109,1.22119257210545,50.8808560813417,1.70655440979985
https://comptox.epa.gov/dashboard/chemical/details/DTXSID2042224,o-(Chloromercuri)phenol,90-03-9,C6H5ClHgO,329.973535,47,78,60,Active,41.5212522697512,2.07606261348756,15.3141018854707,1.18509153215001
https://comptox.epa.gov/dashboard/chemical/details/DTXSID2043909,Amlodipine besylate,111470-99-6,C26H31ClN2O8S,566.148965,28,78,36,Active,34.2087768169831,1.71043884084916,18.6417324298646,1.27048627013002
https://comptox.epa.gov/dashboard/chemical/details/DTXSID2044890,2-[(4-Hydroxyphenyl)methyl]phenol,2467-03-0,C13H12O2,200.08373,42,439,10,Active,56.3311568856411,2.81655784428206,31.9810386037271,1.50489256361732
https://comptox.epa.gov/dashboard/chemical/details/DTXSID2045151,Egtazic Acid,67-42-5,C14H24N2O10,380.143095,4,234,2,Active,100.082651654917,5.00413258274585,0.000155075994518863,-3.80945542497732
https://comptox.epa.gov/dashboard/chemical/details/DTXSID2045367,Epitiostanol,2363-58-8,C19H30OS,306.201737,9,78,12,Active,139.518552480387,6.97592762401934,0.835127979647825,-0.0782469657189498
https://comptox.epa.gov/dashboard/chemical/details/DTXSID2046541,DL-Lipoamide,940-69-2,C8H15NOS2,205.059506,4,234,2,Active,107.072857891083,5.35364289455415,0.459483502667104,-0.337730076942206
https://comptox.epa.gov/dashboard/chemical/details/DTXSID2046626,Trenbolone acetate,10161-34-9,C20H24O3,312.172545,12,78,15,Active,66.0424682557207,3.30212341278603,3.78989990972703,0.578627740514976
https://comptox.epa.gov/dashboard/chemical/details/DTXSID2046670,Roxatidine acetate hydrochloride,93793-83-0,C19H29ClN2O4,384.181585,5,234,2,Active,111.197936579141,5.55989682895707,0.0410273303984365,-1.38692674116
https://comptox.epa.gov/dashboard/chemical/details/DTXSID2046674,Pimecrolimus,137071-32-0,C43H68ClNO11,809.44809,5,78,6,Active,47.43383178448,2.371691589224,24.3413461740757,1.38634459278501
https://comptox.epa.gov/dashboard/chemical/details/DTXSID2046593,all-trans-Lycopene,502-65-8,C40H56,536.438202,10,78,13,Active,103.166801998411,5.15834009992054,17.0278417059657,1.23115960424029
https://comptox.epa.gov/dashboard/chemical/details/DTXSID2046597,Argipressin acetate,129979-57-3,C48H69N15O14S2,1143.458984,4,78,5,Active,114.398423855578,5.71992119277891,15.8272896174879,1.19940654942009
https://comptox.epa.gov/dashboard/chemical/details/DTXSID2046705,Agaric acid,666-99-9,C22H40O7,416.277404,53,234,23,Active,40.7698446782492,2.03849223391246,22.0648035860468,1.34370006584731
https://comptox.epa.gov/dashboard/chemical/details/DTXSID2047353,SSR 241586 HCl,NOCAS_47353,C32H43Cl3N4O3,636.240074,408,677,60,Active,27.6740109185178,1.38370054592589,65.7350924020013,1.81779727774548
https://comptox.epa.gov/dashboard/chemical/details/DTXSID2047569,2-Hydroxyfluorene,2443-58-5,C13H10O,182.073165,55,252,22,Active,42.2757496884798,2.11378748442399,28.4405543255798,1.4539380568325
https://comptox.epa.gov/dashboard/chemical/details/DTXSID2048664,Noristerat,3836-23-5,C27H38O3,410.282095,26,78,33,Active,93.3988588559243,4.66994294279621,0.597095641382252,-0.22395609902513
https://comptox.epa.gov/dashboard/chemical/details/DTXSID2048953,Estramustine phosphate sodium,52205-73-9,C23H30Cl2NNa2O6P,563.098319,16,78,21,Active,101.907434560867,5.09537172804333,0.0263395490450739,-1.57939166479233
https://comptox.epa.gov/dashboard/chemical/details/DTXSID2049391,Tributyltetradecylphosphonium dodecylbenzenesulfonate,817629-57-5,C44H85O3PS,724.595705,135,234,58,Active,98.2708691114981,4.9135434555749,64.9254607231153,1.8124150401465
https://comptox.epa.gov/dashboard/chemical/details/DTXSID3020205,Benzyl butyl phthalate,85-68-7,C19H20O4,312.136159,94,700,13,Active,32.3870008137968,1.61935004068984,25.1577724165011,1.40067218406852
https://comptox.epa.gov/dashboard/chemical/details/DTXSID3020209,Butylparaben,94-26-8,C11H14O3,194.094294,102,657,16,Active,34.6601692968086,1.73300846484043,20.231497572947,1.30602803124313
https://comptox.epa.gov/dashboard/chemical/details/DTXSID3020257,"1,​2-​Benzenediol",120-80-9,C6H6O2,110.036779,117,593,20,Active,114.551922959202,5.72759614796011,67.5161017707667,1.82940735914605
https://comptox.epa.gov/dashboard/chemical/details/DTXSID3020380,Dehydroepiandrosterone 3-acetate,853-23-6,C21H30O3,330.219495,47,246,19,Active,121.219082776574,6.06095413882869,0.542329237994324,-0.265736981296968
https://comptox.epa.gov/dashboard/chemical/details/DTXSID3020465,Diethylstilbestrol,56-53-1,C18H20O2,268.14633,394,806,49,Active,95.0267815170815,4.75133907585408,0.0010124770561836,-2.99461480958071
https://comptox.epa.gov/dashboard/chemical/details/DTXSID3021069,Norethynodrel,68-23-5,C20H26O2,298.19328,13,93,14,Active,112.108941184704,5.60544705923521,0.0123038884540191,-1.90995761480074
https://comptox.epa.gov/dashboard/chemical/details/DTXSID3021770,"2,2',6,6'-Tetrachlorobisphenol A",79-95-8,C15H12Cl4O2,363.95914,235,554,42,Active,57.2729020350717,2.86364510175359,48.2182683440951,1.6832116095647
https://comptox.epa.gov/dashboard/chemical/details/DTXSID3022160,4-Hydroxyazobenzene,1689-82-3,C12H10N2O,198.079313,87,246,35,Active,41.1076541002315,2.05538270501157,24.1217941445519,1.38240960687195
https://comptox.epa.gov/dashboard/chemical/details/DTXSID3022320,Triphenylethylene,58-72-0,C20H16,256.125201,59,426,14,Active,38.685970802642,1.9342985401321,2.3817829599189,0.376902183845275
https://comptox.epa.gov/dashboard/chemical/details/DTXSID3022536,4-Cumylphenol,599-64-4,C15H16O,212.120115,287,711,40,Active,40.596775093128,2.0298387546564,4.72560554551631,0.674457467496271
https://comptox.epa.gov/dashboard/chemical/details/DTXSID3022409,"4,4'-Sulfonyldiphenol",80-09-1,C12H10O4S,250.02998,52,417,12,Active,64.7055542006637,3.23527771003319,8.68850259195696,0.938944935011849
https://comptox.epa.gov/dashboard/chemical/details/DTXSID3022742,Carubicin,50935-04-1,C26H27NO10,513.163496,46,78,59,Active,26.6286450405995,1.33143225202998,3.13093854870287,0.495674543751967
https://comptox.epa.gov/dashboard/chemical/details/DTXSID3023001,Estradiol enanthate,4956-37-0,C25H36O3,384.266445,12,78,15,Active,111.192330639194,5.55961653195969,0.000899383044951239,-3.04605530395234
https://comptox.epa.gov/dashboard/chemical/details/DTXSID3023005,Estropipate,7280-37-7,C22H32N2O5S,436.203193,4,78,5,Active,104.111118708398,5.20555593541991,0.0658335221253327,-1.18155290932114
https://comptox.epa.gov/dashboard/chemical/details/DTXSID3023764,Benzo[e]pyrene,192-97-2,C20H12,252.0939,54,460,12,Active,24.4409555751291,1.22204777875645,65.57560417616,1.81674230062211
https://comptox.epa.gov/dashboard/chemical/details/DTXSID3024104,Fluoranthene,206-44-0,C16H10,202.07825,83,631,13,Active,27.3007744423575,1.36503872211788,47.7532438754244,1.67900287852387
https://comptox.epa.gov/dashboard/chemical/details/DTXSID3025257,Ethacrynic acid,58-54-8,C13H12Cl2O4,302.011264,92,234,39,Active,22.1892202262351,1.10946101131176,75.8268092324216,1.87982278139989
https://comptox.epa.gov/dashboard/chemical/details/DTXSID3025540,Thimerosal,54-64-8,C9H9HgNaO2S,405.992738,186,322,58,Active,39.9190493366447,1.99595246683224,10.4779876730679,1.0202778831822
https://comptox.epa.gov/dashboard/chemical/details/DTXSID3027403,Tributyltin chloride,1461-22-9,C12H27ClSn,326.082331,544,817,67,Active,54.9951019409651,2.74975509704825,19.4045168173233,1.28790283304961
https://comptox.epa.gov/dashboard/chemical/details/DTXSID3030636,Doxorubicin hydrochloride,25316-40-9,C27H30ClNO11,579.150738,166,406,41,Active,22.8861192917792,1.14430596458896,0.154328161929888,-0.811554816290967
https://comptox.epa.gov/dashboard/chemical/details/DTXSID3032549,Fenhexamid,126833-17-8,C14H17Cl2NO2,301.063634,101,686,15,Active,30.5777738400705,1.52888869200353,66.4878632361049,1.82274237597019
https://comptox.epa.gov/dashboard/chemical/details/DTXSID3032751,"1,3-Diiminobenz(f)isoindoline",65558-69-2,C12H9N3,195.079647,133,237,56,Active,25.8813962946873,1.29406981473437,40,1.60205999132796
https://comptox.epa.gov/dashboard/chemical/details/DTXSID3034113,4-Hydroxyandrostenedione,566-48-3,C19H26O3,302.188195,36,338,11,Active,28.03067218665,1.4015336093325,31.6389420614502,1.50022195318986
https://comptox.epa.gov/dashboard/chemical/details/DTXSID3036496,Levonorgestrel,797-63-7,C21H28O2,312.20893,80,660,12,Active,118.409992163426,5.92049960817129,0.882329811529921,-0.0543690468933889
https://comptox.epa.gov/dashboard/chemical/details/DTXSID3038939,Perfluorooctanesulfonamide,754-91-6,C8H2F17NO2S,498.953478,322,693,46,Active,24.8637857545127,1.24318928772563,49.129830470436,1.69134526554168
https://comptox.epa.gov/dashboard/chemical/details/DTXSID3040770,"(Z,E)-Diethylstilbestrol",6898-97-1,C18H20O2,268.14633,46,246,19,Active,89.015535323442,4.4507767661721,0.00195672172387636,-2.70847093334975
https://comptox.epa.gov/dashboard/chemical/details/DTXSID3042500,Triphenyltin fluoride,379-52-2,C18H15FSn,370.017981,185,319,58,Active,64.8326822324587,3.24163411162294,36.188612164065,1.55857192820227
https://comptox.epa.gov/dashboard/chemical/details/DTXSID3046532,p-Phenylene bis(isothiocyanate),4044-65-9,C8H4N2S2,191.98159,4,78,5,Active,92.0154781029863,4.60077390514931,20.3902355228363,1.30942224224099
https://comptox.epa.gov/dashboard/chemical/details/DTXSID3046588,Bismuth subgallate,99-26-3,C7H5BiO6,393.98901,7,78,9,Active,108.650356853651,5.43251784268256,0.020278219177401,-1.69297018717829
https://comptox.epa.gov/dashboard/chemical/details/DTXSID3046879,Oxabolone cipioncate,1254-35-9,C26H38O4,414.27701,7,78,9,Active,116.472074864955,5.82360374324775,1.32840089789477,0.123329160475439
https://comptox.epa.gov/dashboard/chemical/details/DTXSID3046792,Cinacalcet hydrochloride,364782-34-3,C22H23ClF3N,393.147112,145,234,62,Active,35.5879030680785,1.77939515340392,37.4515400248635,1.57346968079513
https://comptox.epa.gov/dashboard/chemical/details/DTXSID3046906,Diethylstilbestrol diphosphate,522-40-7,C18H22O8P2,428.078992,4,78,5,Active,86.5662647477767,4.32831323738884,0.0784589524457565,-1.10535749470336
https://comptox.epa.gov/dashboard/chemical/details/DTXSID3047132,3-(Methylthio)propyl isothiocyanate,505-79-3,C5H9NS2,147.017642,25,237,11,Active,35.1201139212073,1.75600569606037,74.3241722893029,1.87113008138602
https://comptox.epa.gov/dashboard/chemical/details/DTXSID3047477,dl-Norgestrel,6533-00-2,C21H28O2,312.20893,74,385,19,Active,76.0761391582247,3.80380695791123,2.40364072137108,0.380869553020078
https://comptox.epa.gov/dashboard/chemical/details/DTXSID3047843,Diphenoxylate hydrochloride,3810-80-8,C30H33ClN2O2,488.223056,53,246,22,Active,25.2184315542897,1.26092157771449,72.1979356893063,1.85852478023501
https://comptox.epa.gov/dashboard/chemical/details/DTXSID3047891,Bisphenol E,2081-08-5,C14H14O2,214.09938,50,316,16,Active,51.4669999634463,2.57334999817231,3.47237240035771,0.540626295636806
https://comptox.epa.gov/dashboard/chemical/details/DTXSID3047893,"4,4'-Octahydro-1H-4,7-methanoindene-5,5-diyldiphenol",1943-97-1,C22H24O2,320.17763,120,234,51,Active,34.9954534761839,1.7497726738092,60.1206887509889,1.77902394728148
https://comptox.epa.gov/dashboard/chemical/details/DTXSID3047895,Menthyl anthranilate,134-09-8,C17H25NO2,275.188529,110,234,47,Active,73.2488872041275,3.66244436020637,7.11330137679448,0.852071209303232
https://comptox.epa.gov/dashboard/chemical/details/DTXSID3047974,"2,3',4,4'-Tetrahydroxybenzophenone",61445-50-9,C13H10O5,246.052823,63,234,27,Active,85.3461265793081,4.26730632896541,3.60930440518891,0.557423511574269
https://comptox.epa.gov/dashboard/chemical/details/DTXSID3048738,"1,1'-Tetramethylenediguanidine sulfate",36587-93-6,, ,4,78,5,Active,98.9569222945762,4.94784611472881,6.90732073039758,0.839309622244443
https://comptox.epa.gov/dashboard/chemical/details/DTXSID3048942,3beta-Acetoxy-5-pregnene-20-one,1778-02-5,C23H34O3,358.250795,4,78,5,Active,98.2432571031248,4.91216285515624,20.9146582831047,1.3204507731971
https://comptox.epa.gov/dashboard/chemical/details/DTXSID3048863,Altrenogest,850-52-2,C21H26O2,310.19328,52,261,20,Active,53.9234803761082,2.69617401880541,2.24118272569089,0.350477266407507
https://comptox.epa.gov/dashboard/chemical/details/DTXSID3049209,9-Cyanoanthracene,1210-12-4,C15H9N,203.073499,46,234,20,Active,62.0247429318405,3.10123714659203,9.40105671281188,0.973176672615635
https://comptox.epa.gov/dashboard/chemical/details/DTXSID3049205,1-Butyl-4-methylpyridinium chloride,112400-86-9,C10H16ClN,185.097127,115,234,49,Active,71.9707277779583,3.59853638889791,2.80779607194692,0.448365562131458
https://comptox.epa.gov/dashboard/chemical/details/DTXSID3049540,NTP Mix85 ER AR1 18-EQP,NOCAS_49540,, ,21,234,9,Active,61.1369100432968,3.05684550216484,23.4086597775979,1.36937654962761
https://comptox.epa.gov/dashboard/chemical/details/DTXSID3049548,NTP Mix93 ER AR1 18-GP,NOCAS_49548,, ,18,234,8,Active,33.3990516304573,1.66995258152286,35.0526076069248,1.54472033120922
https://comptox.epa.gov/dashboard/chemical/details/DTXSID4020038,Alclofenac,22131-79-9,C11H11ClO3,226.039672,6,78,8,Active,114.692705294337,5.73463526471686,7.46956932980246,0.873295562580835
https://comptox.epa.gov/dashboard/chemical/details/DTXSID4020115,Auranofin,34031-32-8,C20H34AuO9PS,678.132685,48,78,62,Active,28.3819693588661,1.4190984679433,16.476663521778,1.21686927284765
https://comptox.epa.gov/dashboard/chemical/details/DTXSID4020379,Dehydroepiandrosterone,53-43-0,C19H28O2,288.20893,75,412,18,Active,126.302221071959,6.31511105359797,0.598723364716506,-0.222773793517161
https://comptox.epa.gov/dashboard/chemical/details/DTXSID4020614,Ethynodiol diacetate,297-76-7,C24H32O4,384.23006,64,237,27,Active,91.4388516085758,4.57194258042879,0.00802324989510183,-2.09564968089066
https://comptox.epa.gov/dashboard/chemical/details/DTXSID4020749,Isobutylparaben,4247-02-3,C11H14O3,194.094294,34,234,15,Active,57.2839947860044,2.86419973930022,31.4092752947855,1.49705791605127
https://comptox.epa.gov/dashboard/chemical/details/DTXSID4020870,"2,2'-Methylenebis(4-methyl-6-tert-butylphenol)",119-47-1,C23H32O2,340.24023,202,364,55,Active,140.23078711553,7.01153935577652,41.8865388894642,1.62207447582295
https://comptox.epa.gov/dashboard/chemical/details/DTXSID4020826,3-Methoxycatechol,934-00-9,C7H8O3,140.047344,49,234,21,Active,27.9413254901899,1.39706627450949,64.065746465667,1.80662589071869
https://comptox.epa.gov/dashboard/chemical/details/DTXSID4021218,Quercetin,117-39-5,C15H10O7,302.042653,176,641,27,Active,52.7676440245279,2.6383822012264,14.8179398731992,1.1707878282119
https://comptox.epa.gov/dashboard/chemical/details/DTXSID4021341,"4,4'-Thiobis(6-tert-butyl-m-cresol)",96-69-5,C22H30O2S,358.196651,148,234,63,Active,127.642116671427,6.38210583357135,63.0560612053685,1.79972683906969
https://comptox.epa.gov/dashboard/chemical/details/DTXSID4021478,Lynestrenol,52-76-6,C20H28O,284.214016,273,463,59,Active,85.8483929823411,4.29241964911705,0.0814214405077203,-1.08926121835284
https://comptox.epa.gov/dashboard/chemical/details/DTXSID4022311,Formononetin,485-72-3,C16H12O4,268.073559,31,326,10,Active,43.9146312131627,2.19573156065814,5.52028923747057,0.741961833335462
https://comptox.epa.gov/dashboard/chemical/details/DTXSID4022315,Zearalanol,26538-44-3,C18H26O5,322.178024,67,246,27,Active,87.1822162827564,4.35911081413782,0.366152734013561,-0.436337718696132
https://comptox.epa.gov/dashboard/chemical/details/DTXSID4022525,2-Ethylhexyl p-hydroxybenzoate,5153-25-3,C15H22O3,250.156895,184,428,43,Active,24.6083593090499,1.23041796545249,26.0935774919823,1.41653362599616
https://comptox.epa.gov/dashboard/chemical/details/DTXSID4022523,Heptyl p-hydroxybenzoate,1085-12-7,C14H20O3,236.141245,125,362,35,Active,35.4510150593504,1.77255075296752,63.2950334268769,1.80136963355726
https://comptox.epa.gov/dashboard/chemical/details/DTXSID4022527,Propylparaben,94-13-3,C10H12O3,180.078644,89,640,14,Active,54.7657698535865,2.73828849267932,42.0476687583687,1.6237419222875
https://comptox.epa.gov/dashboard/chemical/details/DTXSID4022783,Cephalothin,153-61-7,C16H16N2O6S2,396.044979,6,234,3,Active,94.3701407952233,4.71850703976117,8.47431405929187,0.928104554978875
https://comptox.epa.gov/dashboard/chemical/details/DTXSID4022367,Estrone,53-16-7,C18H22O2,270.16198,120,674,18,Active,104.471559608698,5.22357798043488,0.00132743399624888,-2.87698706405255
https://comptox.epa.gov/dashboard/chemical/details/DTXSID4023094,Gestrinone,16320-04-0,C21H24O2,308.17763,47,246,19,Active,90.0418050252674,4.50209025126337,0.262601405409002,-0.580702953952018
https://comptox.epa.gov/dashboard/chemical/details/DTXSID4022999,Estradiol cypionate,313-06-4,C26H36O3,396.266445,110,334,33,Active,110.195750405374,5.50978752026872,0.00062830005996423,-3.2018328988355
https://comptox.epa.gov/dashboard/chemical/details/DTXSID4023549,Quinidine,56-54-2,C20H24N2O2,324.183778,23,234,10,Active,111.386247627826,5.56931238139129,3.33230695301662,0.522744999295779
https://comptox.epa.gov/dashboard/chemical/details/DTXSID4023381,Norethindrone acetate,51-98-9,C22H28O3,340.203845,16,78,21,Active,83.0434167895922,4.15217083947961,0.491532509549744,-0.308447753007527
https://comptox.epa.gov/dashboard/chemical/details/DTXSID4027608,Terbutylazine,5915-41-3,C9H16ClN5,229.109423,41,593,7,Active,54.6371733670736,2.73185866835368,54.3904537721431,1.73552268208996
https://comptox.epa.gov/dashboard/chemical/details/DTXSID4028460,Benzyl-C12-18-alkyldimethylammonium chlorides,68391-01-5,, ,143,234,61,Active,47.3125303047476,2.36562651523738,39.3971283317106,1.5954645671265
https://comptox.epa.gov/dashboard/chemical/details/DTXSID4031980,Resveratrol,501-36-0,C14H12O3,228.078644,113,475,24,Active,70.8939599537154,3.54469799768577,12.6264090683965,1.10127985542294
https://comptox.epa.gov/dashboard/chemical/details/DTXSID4035708,Methylbenzethonium chloride,25155-18-4,C28H44ClNO2,461.306057,198,385,51,Active,77.638844390498,3.8819422195249,64.3653533833597,1.80865215799015
https://comptox.epa.gov/dashboard/chemical/details/DTXSID4035542,"N,N-Dimethyl-N-(3-(trimethoxysilyl)propyl) octadecan-1-aminium chloride",27668-52-6,C26H58ClNO3Si,495.387449,6,78,8,Active,24.703480753534,1.2351740376767,28.1290387485252,1.44915489130689
https://comptox.epa.gov/dashboard/chemical/details/DTXSID4036514,5alpha-Androstan-3beta-ol,1224-92-6,C19H32O,276.245316,14,234,6,Active,118.008633186009,5.90043165930045,18.5343996818377,1.26797852405388
https://comptox.epa.gov/dashboard/chemical/details/DTXSID4040268,Dinobuton,973-21-7,C14H18N2O7,326.111401,230,444,52,Active,23.6000850445173,1.18000425222586,44.572233379047,1.64906439580696
https://comptox.epa.gov/dashboard/chemical/details/DTXSID4040713,Octyl gallate,1034-01-1,C15H22O5,282.146724,336,701,48,Active,28.2846754878053,1.41423377439027,74.1803845802463,1.87028908055158
https://comptox.epa.gov/dashboard/chemical/details/DTXSID4041367,"2,4-Dinitrophenyl thiocyanate",1594-56-5,C7H3N3O4S,224.984427,151,319,47,Active,23.5574499087285,1.17787249543642,39.7061449947755,1.59885772416368
https://comptox.epa.gov/dashboard/chemical/details/DTXSID4041600,Amiprofos-methyl,36001-88-4,C11H17N2O4PS,304.064665,27,249,11,Active,51.6917739328035,2.58458869664018,18.9760657003653,1.27820617533387
https://comptox.epa.gov/dashboard/chemical/details/DTXSID4042123,Mercury(II) acetate,1600-27-7,C4H6HgO4,319.997252,157,237,66,Active,74.8440540618598,3.74220270309299,53.4175450480714,1.72768392493255
https://comptox.epa.gov/dashboard/chemical/details/DTXSID4042129,Phenylmercuric chloride,100-56-1,C6H5ClHg,313.978621,153,237,65,Active,53.7655187962494,2.68827593981247,25.3812886226292,1.4045136676992
https://comptox.epa.gov/dashboard/chemical/details/DTXSID4041997,Furazolidone,67-45-8,C8H7N3O5,225.03857,21,237,9,Active,89.5298182853985,4.47649091426993,1.25519098354999,0.0987098109098647
https://comptox.epa.gov/dashboard/chemical/details/DTXSID4044379,Gold trichloride,13453-07-1,AuCl3,301.873127,123,319,39,Active,30.7118606888941,1.5355930344447,69.5600089934111,1.8423596294806
https://comptox.epa.gov/dashboard/chemical/details/DTXSID4043777,Proflavin hemisulfate,1811-28-5,C26H24N6O4S,516.157974,113,249,45,Active,36.2097739089942,1.81048869544971,20,1.30102999566398
https://comptox.epa.gov/dashboard/chemical/details/DTXSID4045638,Suloctidil,54767-75-8,C20H35NOS,337.243936,140,234,60,Active,78.7472008672823,3.93736004336411,36.0370248456414,1.55674892918672
https://comptox.epa.gov/dashboard/chemical/details/DTXSID4046024,Clopidogrel hydrogen sulfate,135046-48-9,C16H18ClNO6S2,419.026407,18,246,7,Active,31.9009884551586,1.59504942275793,12.9364617788081,1.11181550971288
https://comptox.epa.gov/dashboard/chemical/details/DTXSID4045846,Tyrothricin,1404-88-2,, ,47,78,60,Active,60.4176696660176,3.02088348330088,23.3980922989654,1.36918044981158
https://comptox.epa.gov/dashboard/chemical/details/DTXSID4046078,Metipranolol,22664-55-7,C17H27NO4,309.194008,7,78,9,Active,106.496960678465,5.32484803392327,21.4111976916538,1.33064096137795
https://comptox.epa.gov/dashboard/chemical/details/DTXSID4046608,Oxeladin citrate,52432-72-1,C26H41NO10,527.273047,9,78,12,Active,86.8656253070002,4.34328126535001,22.9961051225162,1.36165428527679
https://comptox.epa.gov/dashboard/chemical/details/DTXSID4046521,Actinoquinol,15301-40-3,C11H11NO4S,253.040879,3,78,4,Active,41.4212610512215,2.07106305256107,27.1489250775593,1.43375263900309
https://comptox.epa.gov/dashboard/chemical/details/DTXSID4046571,4-Ethylbenzenesulfonic acid,98-69-1,C8H10O3S,186.035065,4,78,5,Active,98.6662929052184,4.93331464526092,6.10306466534038,0.785547971570835
https://comptox.epa.gov/dashboard/chemical/details/DTXSID4047381,AVE8923,NOCAS_47381,C21H27BrClFN2O2S,504.064918,331,650,51,Active,54.1389279383259,2.7069463969163,65.396517862978,1.81555462426991
https://comptox.epa.gov/dashboard/chemical/details/DTXSID4047880,3-Hydroxybenzophenone,13020-57-0,C13H10O2,198.06808,15,234,6,Active,69.4738446919747,3.47369223459874,30.7530931335248,1.4878888034696
https://comptox.epa.gov/dashboard/chemical/details/DTXSID4047886,"4′-Hydroxy-2,4-dimethoxybenzophenone",41351-30-8,C15H14O4,258.089209,17,234,7,Active,37.700385988145,1.88501929940725,32.0596313921716,1.505958524716
https://comptox.epa.gov/dashboard/chemical/details/DTXSID4047882,Phenylparaben,17696-62-7,C13H10O3,214.062994,58,397,15,Active,40.554456650068,2.0277228325034,39.674962634707,1.59851652641496
https://comptox.epa.gov/dashboard/chemical/details/DTXSID4048513,PharmaGSID_48513,825643-57-0,C30H30F7N3O3,613.217539,321,609,53,Active,25.6172680932115,1.28086340466058,57.4307878716279,1.75914477424657
https://comptox.epa.gov/dashboard/chemical/details/DTXSID4048858,Pyrantel tartrate,33401-94-4,C15H20N2O6S,356.104208,3,234,1,Active,34.22816749836,1.711408374918,28.9041638894243,1.46096041105896
https://comptox.epa.gov/dashboard/chemical/details/DTXSID4048985,beta-Estradiol 17-propionate,3758-34-7,C21H28O3,328.203845,24,78,31,Active,112.030595446682,5.60152977233412,0.000719265938036419,-3.14311050590677
https://comptox.epa.gov/dashboard/chemical/details/DTXSID4049327,2-Hydroxyanthraquinone,605-32-3,C14H8O3,224.047344,36,234,15,Active,93.3452813263234,4.66726406631617,16.2801172524815,1.21165752843539
https://comptox.epa.gov/dashboard/chemical/details/DTXSID4049298,1-Hexadecyl-3-methylimidazolium bis(trifluoromethylsulfonyl)imide,404001-50-9,C22H39F6N3O4S2,587.228618,145,234,62,Active,38.8256779243811,1.94128389621906,54.5723356281763,1.73697254144527
https://comptox.epa.gov/dashboard/chemical/details/DTXSID4049373,tert-Butyl-3-aminobenzoate,92146-82-2,C11H15NO2,193.110279,5,234,2,Active,55.0585774591551,2.75292887295776,48.4471959943489,1.68526864620781
https://comptox.epa.gov/dashboard/chemical/details/DTXSID4049533,NTP Mix113 ER1 10-GP,NOCAS_49533,, ,8,234,3,Active,34.7910192382227,1.73955096191114,28.7416909631447,1.45851231544607
https://comptox.epa.gov/dashboard/chemical/details/DTXSID4049535,NTP Mix115 ER1 10-GP,NOCAS_49535,, ,9,234,4,Active,42.9084126870964,2.14542063435482,26.03575551116,1.41557018464536
https://comptox.epa.gov/dashboard/chemical/details/DTXSID4049537,NTP Mix82 ER AR1 18-EQP,NOCAS_49537,, ,19,234,8,Active,31.9842488339942,1.59921244169971,31.1255819232193,1.49311747974011
https://comptox.epa.gov/dashboard/chemical/details/DTXSID4049539,NTP Mix84 ER AR1 18-EQP,NOCAS_49539,, ,20,234,9,Active,61.1549121905806,3.05774560952903,27.0851867757773,1.43273183476944
https://comptox.epa.gov/dashboard/chemical/details/DTXSID5020520,"2,2-Dimethylvinyl chloride",513-37-1,C4H7Cl,90.023628,4,321,1,Active,30.5259321470957,1.52629660735478,41.2055781003057,1.61495601152348
https://comptox.epa.gov/dashboard/chemical/details/DTXSID5020576,17alpha-Ethinylestradiol,57-63-6,C20H24O2,296.17763,218,721,30,Active,111.666440671881,5.58332203359405,0.000949284328611999,-3.02260368867625
https://comptox.epa.gov/dashboard/chemical/details/DTXSID5020813,Methylmercuric(II) chloride,115-09-3,CH3ClHg,251.962971,160,294,54,Active,35.6683532728268,1.78341766364134,43.5529559695544,1.63901763621395
https://comptox.epa.gov/dashboard/chemical/details/DTXSID5020782,"1-(2,4-Dichlorobenzyl)-1H-indazole-3-carboxylic acid",50264-69-2,C15H10Cl2N2O2,320.011933,22,234,9,Active,40.1133576038473,2.00566788019236,28.8034756953571,1.45944489693413
https://comptox.epa.gov/dashboard/chemical/details/DTXSID5020861,4-Methylcatechol,452-86-8,C7H8O2,124.052429,68,234,29,Active,42.5907086294829,2.12953543147414,56.8445926440282,1.75468915861826
https://comptox.epa.gov/dashboard/chemical/details/DTXSID5021201,Gallic acid n-propyl ester,121-79-9,C10H12O5,212.068473,106,606,17,Active,65.4409372785744,3.27204686392872,33.2167267996745,1.52135683453089
https://comptox.epa.gov/dashboard/chemical/details/DTXSID5021463,Zinc diethyldithiocarbamate,14324-55-1,C10H20N2S4Zn,359.980075,133,234,57,Active,74.7010921578404,3.73505460789202,39.40534981399,1.59555518723095
https://comptox.epa.gov/dashboard/chemical/details/DTXSID5021881,Ethylenediamine,107-15-3,C2H8N2,60.068748,6,316,2,Active,108.463623613211,5.42318118066057,0.699016276229904,-0.155512711815781
https://comptox.epa.gov/dashboard/chemical/details/DTXSID5022437,Nordihydroguaiaretic acid,500-38-9,C18H22O4,302.151809,144,382,38,Active,24.3682997153426,1.21841498576713,65.3969321071419,1.81555737523266
https://comptox.epa.gov/dashboard/chemical/details/DTXSID5022308,Genistein,446-72-0,C15H10O5,270.052823,180,660,27,Active,74.923018576306,3.7461509288153,8.11012178758426,0.909027375947121
https://comptox.epa.gov/dashboard/chemical/details/DTXSID5022562,Afloqualone,56287-74-2,C16H14FN3O,283.11209,6,78,8,Active,44.6337525090534,2.23168762545267,28.9117565219163,1.46107447785543
https://comptox.epa.gov/dashboard/chemical/details/DTXSID5023794,Oxymetholone,434-07-1,C21H32O3,332.235145,113,246,46,Active,108.240459224729,5.41202296123646,0.919529690564553,-0.0364342433262036
https://comptox.epa.gov/dashboard/chemical/details/DTXSID5023667,Tibolone,5630-53-5,C21H28O2,312.20893,27,234,12,Active,86.0251696013337,4.30125848006669,0.0207784213900485,-1.68238745040894
https://comptox.epa.gov/dashboard/chemical/details/DTXSID5023902,Benz(a)anthracene,56-55-3,C18H12,228.0939,157,653,24,Active,32.9666307531193,1.64833153765596,52.9637171785757,1.72397845780423
https://comptox.epa.gov/dashboard/chemical/details/DTXSID5023954,Technical chlordane,12789-03-6,, ,118,237,50,Active,24.5186224303242,1.22593112151621,61.1807239770841,1.78661461186723
https://comptox.epa.gov/dashboard/chemical/details/DTXSID5024059,"3,3'-Dimethylbenzidine",119-93-7,C14H16N2,212.131349,85,631,13,Active,40.1154391977232,2.00577195988616,38.0264530145979,1.58008581770638
https://comptox.epa.gov/dashboard/chemical/details/DTXSID5024269,Potassium silver cyanide,506-61-6,C2AgKN2,197.87494,150,234,64,Active,59.0397005606306,2.95198502803153,28.2899367889997,1.45163197707101
https://comptox.epa.gov/dashboard/chemical/details/DTXSID5025231,Emodin,518-82-1,C15H10O5,270.052823,99,324,31,Active,90.6702762678576,4.53351381339288,8.19476656388318,0.913536586770294
https://comptox.epa.gov/dashboard/chemical/details/DTXSID5025998,Retinal,116-31-4,C20H28O,284.214016,139,234,59,Active,34.7424454012225,1.73712227006112,15.307575498021,1.18490641008347
https://comptox.epa.gov/dashboard/chemical/details/DTXSID5027061,2-Naphthalenol,135-19-3,C10H8O,144.057515,98,616,16,Active,39.8761438057074,1.99380719028537,61.6933333104547,1.79023823594714
https://comptox.epa.gov/dashboard/chemical/details/DTXSID5029055,"4-Nonylphenol, branched",84852-15-3,, ,332,783,42,Active,69.1198089891496,3.45599044945748,2.98816722367918,0.475404897791612
https://comptox.epa.gov/dashboard/chemical/details/DTXSID5033468,Domiphen bromide,538-71-6,C22H40BrNO,413.229328,145,234,62,Active,52.7802386319218,2.63901193159609,75.439068756542,1.87759631869545
https://comptox.epa.gov/dashboard/chemical/details/DTXSID5036684,4-Hydroxybenzophenone,1137-42-4,C13H10O2,198.06808,22,240,9,Active,65.374733742306,3.2687366871153,33.513347029596,1.52521780366026
https://comptox.epa.gov/dashboard/chemical/details/DTXSID5037028,Hexadecyltrimethylammonium bromide,57-09-0,C19H42BrN,363.250063,193,368,52,Active,44.8425934416021,2.24212967208011,7.17452822684499,0.855793348581755
https://comptox.epa.gov/dashboard/chemical/details/DTXSID5034981,Tributyltin benzoate,4342-36-3,C19H32O2Sn,412.142432,207,363,57,Active,43.8253380358693,2.19126690179346,7.65054734737363,0.883692507237348
https://comptox.epa.gov/dashboard/chemical/details/DTXSID5037577,Moxidectin,113507-06-5,C37H53NO8,639.377118,37,78,47,Active,39.1769356640819,1.9588467832041,38.0119550937861,1.57992020753014
https://comptox.epa.gov/dashboard/chemical/details/DTXSID5037731,"4,4'-(9H-Fluorene-9,9-diyl)diphenol",3236-71-3,C25H18O2,350.13068,265,437,61,Active,22.6521951515666,1.13260975757833,56.7867453665932,1.75424697856489
https://comptox.epa.gov/dashboard/chemical/details/DTXSID5037739,4-Anilinophenol,122-37-2,C12H11NO,185.084064,109,444,25,Active,35.2243485658561,1.7612174282928,67.6915357930999,1.83053436753059
https://comptox.epa.gov/dashboard/chemical/details/DTXSID5038888,Basic Blue 7,2390-60-5,C33H40ClN3,513.291076,315,494,64,Active,48.5361226782764,2.42680613391382,72.3680848868563,1.85954707982413
https://comptox.epa.gov/dashboard/chemical/details/DTXSID5040413,alpha-Tomatine,17406-45-0,C50H83NO21,1033.545759,45,78,58,Active,29.3985854215928,1.46992927107964,22.6160106483592,1.35441599996159
https://comptox.epa.gov/dashboard/chemical/details/DTXSID5041306,"2,2',4,4'-Tetrahydroxybenzophenone",131-55-5,C13H10O5,246.052823,141,726,19,Active,87.9723217905915,4.39861608952958,15.6346722684835,1.19408878206242
https://comptox.epa.gov/dashboard/chemical/details/DTXSID5042249,Phenylarsine oxide,637-03-6,C6H5AsO,167.955635,177,322,55,Active,36.9484099238831,1.84742049619416,3.53367633187051,0.548226767660824
https://comptox.epa.gov/dashboard/chemical/details/DTXSID5044578,"Sodium 2,5-dimethylbenzenesulfonate",827-19-0,C8H9NaO3S,208.01701,2,344,1,Active,57.2370545563442,2.86185272781721,9.97545737424008E-05,-4.00106718280363
https://comptox.epa.gov/dashboard/chemical/details/DTXSID5044607,sec-Butylparaben,17696-61-6,C11H14O3,194.094294,44,319,14,Active,65.1638606461766,3.25819303230883,30.9844606335655,1.49114394050813
https://comptox.epa.gov/dashboard/chemical/details/DTXSID5044817,Isobornyl cyclohexanol,3407-42-9,C16H28O,236.214016,77,321,24,Active,86.2139476655872,4.31069738327936,27.69006997489,1.44232405324179
https://comptox.epa.gov/dashboard/chemical/details/DTXSID5045889,Clofoctol,37693-01-9,C21H26Cl2O,364.136071,137,249,55,Active,120.604673248269,6.03023366241346,36.4533964138059,1.56173799836198
https://comptox.epa.gov/dashboard/chemical/details/DTXSID5045960,Alizarin,72-48-0,C14H8O4,240.042259,23,234,10,Active,61.8923263749912,3.09461631874956,37.295167096434,1.57165255729561
https://comptox.epa.gov/dashboard/chemical/details/DTXSID5046192,Clostebol,1093-58-9,C19H27ClO2,322.169958,13,93,14,Active,76.8773555091918,3.84386777545959,5.93330983673197,0.773297027735661
https://comptox.epa.gov/dashboard/chemical/details/DTXSID5046198,Testosterone decanoate,5721-91-5,C29H46O3,442.344695,7,78,9,Active,87.2199029328511,4.36099514664255,13.6525840087032,1.13521485756825
https://comptox.epa.gov/dashboard/chemical/details/DTXSID5046308,Phenylmercury borate,102-98-7,C6H7BHgO3,340.019467,50,78,64,Active,38.3254416963504,1.91627208481752,2.89028166559687,0.460940167965469
https://comptox.epa.gov/dashboard/chemical/details/DTXSID5047112,Didodecyldimethylammonium bromide,3282-73-3,C26H56BrN,461.359614,160,319,50,Active,76.4535068363372,3.82267534181686,48.6461897108558,1.68704882913973
https://comptox.epa.gov/dashboard/chemical/details/DTXSID5047900,Tetraoctylphosphonium bromide,23906-97-0,C32H68BrP,562.424202,150,234,64,Active,120.19823480467,6.0099117402335,24.3352326017422,1.38623550168576
https://comptox.epa.gov/dashboard/chemical/details/DTXSID5047956,"2,3,4,4'-Tetrahydroxybenzophenone",31127-54-5,C13H10O5,246.052823,30,234,13,Active,93.5202138006514,4.67601069003257,43.9891138787017,1.64334521359163
https://comptox.epa.gov/dashboard/chemical/details/DTXSID5047904,Methyltrioctylammonium trifluoromethanesulfonate,121107-18-4,C26H54F3NO3S,517.37765,144,234,62,Active,124.1885464835,6.20942732417502,25.4868447269798,1.40631607311223
https://comptox.epa.gov/dashboard/chemical/details/DTXSID5047950,Trihexyltetradecylphosphonium hexafluorophosphate,374683-44-0,C32H68F6P2,628.470045,138,234,59,Active,80.9562263452188,4.04781131726094,58.5761375314947,1.76772073122298
https://comptox.epa.gov/dashboard/chemical/details/DTXSID5048712,Testosterone phenylpropionate,1255-49-8,C28H36O3,420.266445,13,78,17,Active,85.2758639778179,4.2637931988909,4.52126476594892,0.655259940129569
https://comptox.epa.gov/dashboard/chemical/details/DTXSID5048631,Mecobalamin,13422-55-4,C63H91CoN13O14P,1343.587801,13,78,17,Active,60.8472142365492,3.04236071182746,24.050587967246,1.38112569808237
https://comptox.epa.gov/dashboard/chemical/details/DTXSID5048972,Oxiglutatione,27025-41-8,C20H32N6O12S2,612.151963,9,78,12,Active,84.8882164836458,4.24441082418229,16.1783313173805,1.20893372512382
https://comptox.epa.gov/dashboard/chemical/details/DTXSID5049021,Penfluridol,26864-56-2,C28H27ClF5NO,523.170133,143,234,61,Active,41.8353788849219,2.0917689442461,38.1073828672585,1.58100912338941
https://comptox.epa.gov/dashboard/chemical/details/DTXSID5049312,"9,10-Dibromoanthracene",523-27-3,C14H8Br2,333.899276,24,234,10,Active,27.8875152038438,1.39437576019219,2.33194714318117,0.367718702311288
https://comptox.epa.gov/dashboard/chemical/details/DTXSID5049528,NTP Mix108 ER1 10-GP,NOCAS_49528,, ,7,234,3,Active,37.3290296019412,1.86645148009706,23.8125042596497,1.37680507070756
https://comptox.epa.gov/dashboard/chemical/details/DTXSID6020143,Benzoic acid,65-85-0,C7H6O2,122.036779,5,601,1,Active,23.0127101579401,1.150635507897,62.4301354871783,1.79539427744723
https://comptox.epa.gov/dashboard/chemical/details/DTXSID6020432,"3,3'-Dichlorobenzidine",91-94-1,C12H10Cl2N2,252.022104,75,234,32,Active,25.1952253792888,1.25976126896444,3.79698228917356,0.579438571400495
https://comptox.epa.gov/dashboard/chemical/details/DTXSID6020511,"3,3'-Dimethylbenzidine dihydrochloride",612-82-8,C14H18Cl2N2,284.084704,71,388,18,Active,38.4446246417012,1.92223123208506,31.3371170493661,1.49605903976681
https://comptox.epa.gov/dashboard/chemical/details/DTXSID6020983,1-Nitropyrene,5522-43-0,C16H9NO2,247.063329,27,246,11,Active,69.5298537880681,3.47649268940341,0.744130389677149,-0.128350958868454
https://comptox.epa.gov/dashboard/chemical/details/DTXSID6021086,Oxamyl,23135-22-0,C7H13N3O3S,219.067762,26,677,4,Active,26.9022686097808,1.34511343048904,59.5596599073358,1.77495220921464
https://comptox.epa.gov/dashboard/chemical/details/DTXSID6021373,Triamterene,396-01-0,C12H11N7,253.107593,62,246,25,Active,29.7441985396475,1.48720992698238,39.5203332249127,1.59682059778631
https://comptox.epa.gov/dashboard/chemical/details/DTXSID6021084,gamma-Oryzanol,11042-64-1,, ,21,234,9,Active,97.9340111507767,4.89670055753884,11.4228999681136,1.05777637363547
https://comptox.epa.gov/dashboard/chemical/details/DTXSID6021408,Triphenyltin acetate,900-95-8,C20H18O2Sn,410.032882,162,234,69,Active,82.1891023451625,4.10945511725813,40,1.60205999132796
https://comptox.epa.gov/dashboard/chemical/details/DTXSID6022391,Apigenin,520-36-5,C15H10O5,270.052823,155,411,38,Active,92.3985168532068,4.61992584266034,8.47566870775663,0.92817397290838
https://comptox.epa.gov/dashboard/chemical/details/DTXSID6022393,"3-(4-Hydroxyphenyl)-1-(2,4,6-trihydroxyphenyl)propan-1-one",60-82-2,C15H14O5,274.084124,43,234,18,Active,55.7721501132902,2.78860750566451,21.9901617342575,1.34222842354166
https://comptox.epa.gov/dashboard/chemical/details/DTXSID6022399,Coumestrol,479-13-0,C15H8O5,268.037173,38,238,16,Active,200.744824371259,10.0372412185629,41.5797896386889,1.6188822878096
https://comptox.epa.gov/dashboard/chemical/details/DTXSID6022345,"o,p'-DDT",789-02-6,C14H9Cl5,351.914689,284,698,41,Active,51.6189605664489,2.58094802832244,4.27342231873462,0.630775813864007
https://comptox.epa.gov/dashboard/chemical/details/DTXSID6022553,Acitretin,55079-83-9,C21H26O3,326.188195,16,93,17,Active,102.728106018042,5.1364053009021,7.95232202834816,0.900493958449478
https://comptox.epa.gov/dashboard/chemical/details/DTXSID6023078,Foscarnet trisodium,63585-09-1,CNa3O5P,191.917643,4,234,2,Active,89.5914059082414,4.47957029541207,11.0047718157542,1.04158104187472
https://comptox.epa.gov/dashboard/chemical/details/DTXSID6023024,Ethylestrenol,965-90-2,C20H32O,288.245316,59,261,23,Active,112.479561551685,5.62397807758424,0.00084059665070783,-3.07541234473982
https://comptox.epa.gov/dashboard/chemical/details/DTXSID6022898,Desogestrel,54024-22-5,C22H30O,310.229666,29,78,37,Active,64.7802238452309,3.23901119226154,4.5432379480321,0.657365483196118
https://comptox.epa.gov/dashboard/chemical/details/DTXSID6023159,Iopanoic acid,96-83-3,C11H12I3NO2,570.80021,45,354,13,Active,25.3412821381117,1.26706410690558,7.74719839029024,0.889144677524116
https://comptox.epa.gov/dashboard/chemical/details/DTXSID6023868,Hydramethylnon,67485-29-4,C25H24F6N4,494.190516,197,379,52,Active,61.8772120413161,3.09386060206581,53.8753791464087,1.73139033951429
https://comptox.epa.gov/dashboard/chemical/details/DTXSID6023810,Benzethonium chloride,121-54-0,C27H42ClNO2,447.290407,277,456,61,Active,74.0006518141746,3.70003259070873,36.2464220867061,1.5592651434673
https://comptox.epa.gov/dashboard/chemical/details/DTXSID6025226,Econazole nitrate,24169-02-6,C18H16Cl3N3O4,443.020639,172,366,47,Active,57.6534784998434,2.88267392499217,37.0923489879053,1.56928433724294
https://comptox.epa.gov/dashboard/chemical/details/DTXSID6025436,8-Hydroxyquinoline sulfate,134-31-6,C18H16N2O6S,388.072907,91,356,26,Active,28.2391863556762,1.41195931778381,51.1601264193048,1.70893160897195
https://comptox.epa.gov/dashboard/chemical/details/DTXSID6025513,Malachite green oxalate,2437-29-8,C52H54N4O12,926.373823,158,234,68,Active,38.9841065677409,1.94920532838705,37.3327209203374,1.57208964376035
https://comptox.epa.gov/dashboard/chemical/details/DTXSID6025983,Pyrogallol,87-66-1,C6H6O3,126.031694,29,234,12,Active,68.261396801166,3.4130698400583,33.0241347685446,1.51883144793171
https://comptox.epa.gov/dashboard/chemical/details/DTXSID6027345,Triphenylborane,960-71-4,C18H15B,242.12668,68,397,17,Active,21.1585814116874,1.05792907058437,65.1419489972832,1.81386074818192
https://comptox.epa.gov/dashboard/chemical/details/DTXSID6027925,"(1,1,3,3-Tetramethylbutyl)phenol",27193-28-8,, ,132,234,56,Active,67.1323078958064,3.35661539479032,1.96242135083553,0.292792260279664
https://comptox.epa.gov/dashboard/chemical/details/DTXSID6032514,"1,2-Benzenedicarboxaldehyde",643-79-8,C8H6O2,134.036779,128,612,21,Active,35.1073027429785,1.75536513714892,33.7472835099301,1.52823882000768
https://comptox.epa.gov/dashboard/chemical/details/DTXSID6036467,"Disodium 4,4'-bis(2-sulfostyryl)biphenyl",27344-41-8,C28H20Na2O6S2,562.049669,58,366,16,Active,58.2972765647025,2.91486382823513,39.5249537461806,1.59687137037426
https://comptox.epa.gov/dashboard/chemical/details/DTXSID6038875,"2,2'-Dihydroxy-4,4'-dimethoxybenzophenone",131-54-4,C15H14O5,274.084124,30,234,13,Active,36.5564950331574,1.82782475165787,74.5363128866935,1.87236790555535
https://comptox.epa.gov/dashboard/chemical/details/DTXSID6037728,"2,3,4-Trihydroxbenzophenone",1143-72-2,C13H10O4,230.057909,43,322,13,Active,56.1542263007518,2.80771131503759,42.2298669183425,1.62561971280732
https://comptox.epa.gov/dashboard/chemical/details/DTXSID6040747,17alpha-Hydroxyprogesterone,68-96-2,C21H30O3,330.219495,87,641,14,Active,85.8462344717432,4.29231172358716,22.2148150894684,1.34664270263394
https://comptox.epa.gov/dashboard/chemical/details/DTXSID6041422,7-(Dimethylamino)-4-methylcoumarin,87-01-4,C12H13NO2,203.094629,93,399,23,Active,75.8937915585163,3.79468957792581,41.6875877463119,1.62000676538834
https://comptox.epa.gov/dashboard/chemical/details/DTXSID6044519,"1,1,3,3,5-Pentamethyl-4,6-dinitro-2,3-dihydro-1H-indene",116-66-5,C14H18N2O4,278.126657,69,434,16,Active,57.0968623637912,2.85484311818956,31.9411480201937,1.50435052137902
https://comptox.epa.gov/dashboard/chemical/details/DTXSID6045086,Estradiol phosphate,4995-43-1,C18H25O5P,352.143961,6,78,8,Active,104.460023539733,5.22300117698667,0.000322716287681447,-3.4911791149442
https://comptox.epa.gov/dashboard/chemical/details/DTXSID6046218,Pregnandiol,80-92-2,C21H36O2,320.27153,6,78,8,Active,53.3695631404907,2.66847815702453,9.25826161922616,0.966529448879384
https://comptox.epa.gov/dashboard/chemical/details/DTXSID6046719,Nitroblue tetrazolium dichloride,298-83-9,C40H30Cl2N10O6,816.172684,45,78,58,Active,55.303044863477,2.76515224317385,6.87220713449257,0.837096241046035
https://comptox.epa.gov/dashboard/chemical/details/DTXSID6046478,Gestodene,60282-87-3,C21H26O2,310.19328,28,234,12,Active,95.4266846047822,4.77133423023911,0.710818802082954,-0.14824109306021
https://comptox.epa.gov/dashboard/chemical/details/DTXSID6046553,Quinestrol,152-43-2,C25H32O2,364.24023,59,246,24,Active,87.7827507838541,4.3891375391927,1.34822058067973,0.129760952388458
https://comptox.epa.gov/dashboard/chemical/details/DTXSID6046557,Cridanimod,38609-97-1,C15H11NO3,253.073893,47,237,20,Active,91.5547377905279,4.57773688952639,22.3030567926188,1.3483643902763
https://comptox.epa.gov/dashboard/chemical/details/DTXSID6047288,UK-337312,203942-49-8,C34H42Cl2F6N2O4S,758.214653,373,648,58,Active,90.0953516672473,4.50476758336236,74.8526789364603,1.87420734811931
https://comptox.epa.gov/dashboard/chemical/details/DTXSID6047498,Triphenyllead acetate,1162-06-7,C20H18O2Pb,498.107333,172,237,73,Active,84.1049701010759,4.20524850505379,45.3887303640341,1.65694803461317
https://comptox.epa.gov/dashboard/chemical/details/DTXSID6047369,SR146131 trifluoroacetate (1:1),221671-62-1,C34H37ClF3N3O7S,723.199284,362,603,60,Active,31.9112721692918,1.59556360846459,47.34926335289,1.67531322675506
https://comptox.epa.gov/dashboard/chemical/details/DTXSID6048678,D-Asparagine hydrate,5794-24-1,C4H10N2O4,150.064057,4,78,5,Active,65.8147486843971,3.29073743421986,37.2931824496417,1.5716294458806
https://comptox.epa.gov/dashboard/chemical/details/DTXSID6048884,"R-(-)-2,5-Dimethoxy-4-methylamphetamine hydrochloride",50505-88-9,C12H20ClNO2,245.118257,11,234,5,Active,103.931214603761,5.19656073018807,0.000152519110736162,-3.81667573554827
https://comptox.epa.gov/dashboard/chemical/details/DTXSID6049351,Trihexyltetradecylphosphonium dicyanamide,701921-71-3,C34H68N3P,549.515086,146,234,62,Active,103.268020643739,5.16340103218694,29.3368558613948,1.46741356706637
https://comptox.epa.gov/dashboard/chemical/details/DTXSID6049515,NTP Mix117 ER1 5-EQP,NOCAS_49515,, ,7,234,3,Active,22.3962303212778,1.11981151606389,25.0973520538664,1.39962790279347
https://comptox.epa.gov/dashboard/chemical/details/DTXSID6049517,NTP Mix97 ER1 10-EQC,NOCAS_49517,, ,5,234,2,Active,33.4601577562841,1.6730078878142,29.0684271126529,1.46342153281012
https://comptox.epa.gov/dashboard/chemical/details/DTXSID7020182,Bisphenol A,80-05-7,C15H16O2,228.11503,221,951,23,Active,31.2490977449112,1.56245488724556,0.95758619667754,-0.0188221227833312
https://comptox.epa.gov/dashboard/chemical/details/DTXSID7020267,Chlordane,57-74-9,C10H6Cl8,405.797772,303,639,47,Active,97.3526174549869,4.86763087274935,94.8604267855115,1.97708507424982
https://comptox.epa.gov/dashboard/chemical/details/DTXSID7020768,Kaempferol,520-18-3,C15H10O6,286.047738,90,399,23,Active,63.721466042716,3.1860733021358,25.0427844013966,1.39868261459166
https://comptox.epa.gov/dashboard/chemical/details/DTXSID7021150,Phenylmercuric acetate,62-38-4,C8H8HgO2,338.023072,492,730,67,Active,39.2120150411366,1.96060075205683,2.77106625820946,0.44264691020328
https://comptox.epa.gov/dashboard/chemical/details/DTXSID7021152,4-Phenylphenol,92-69-3,C12H10O,170.073165,128,526,24,Active,58.0289510690695,2.90144755345348,26.8211399933158,1.42847723295945
https://comptox.epa.gov/dashboard/chemical/details/DTXSID7021283,Strobane,8001-50-1,, ,114,234,49,Active,37.7012596008858,1.88506298004429,61.5235275000361,1.78904122812435
https://comptox.epa.gov/dashboard/chemical/details/DTXSID7021368,Toxaphene,8001-35-2,, ,136,246,55,Active,70.3649383194994,3.51824691597497,36.2400105923614,1.55918831594196
https://comptox.epa.gov/dashboard/chemical/details/DTXSID7022382,Dienestrol,84-17-3,C18H18O2,266.13068,44,234,19,Active,103.232070928562,5.16160354642812,0.000733324672254255,-3.13470370318982
https://comptox.epa.gov/dashboard/chemical/details/DTXSID7022384,(Z)-4-Hydroxytamoxifen,68047-06-3,C26H29NO2,387.219829,151,238,63,Active,121.449081915445,6.07245409577225,70.1756849156374,1.8461866600472
https://comptox.epa.gov/dashboard/chemical/details/DTXSID7023350,Nandrolone,434-22-0,C18H26O2,274.19328,34,246,14,Active,95.2774886935248,4.76387443467624,0.458373790748866,-0.338780222756539
https://comptox.epa.gov/dashboard/chemical/details/DTXSID7023352,Nandrolone decanoate,360-70-3,C28H44O3,428.329045,10,234,4,Active,86.0970540719849,4.30485270359925,1.57169617526795,0.196368596310675
https://comptox.epa.gov/dashboard/chemical/details/DTXSID7023518,Promethazine,60-87-7,C17H20N2S,284.13472,59,234,25,Active,77.9522988405399,3.89761494202699,35.9816369283015,1.55608091700724
https://comptox.epa.gov/dashboard/chemical/details/DTXSID7024457,9-Aminoacridine hydrochloride monohydrate,52417-22-8,C13H13ClN2O,248.071641,108,234,46,Active,84.7276569230718,4.23638284615359,14.9545868517081,1.1747744193398
https://comptox.epa.gov/dashboard/chemical/details/DTXSID7024956,"N,N'-Bis(1-methylpropyl)-1,4-benzenediamine",101-96-2,C14H24N2,220.193949,135,234,58,Active,37.1484673184499,1.85742336592249,69.4124983483727,1.84143767614686
https://comptox.epa.gov/dashboard/chemical/details/DTXSID7025005,"3,4-Dichlorophenol",95-77-2,C6H4Cl2O,161.96392,17,234,7,Active,37.1152876038211,1.85576438019106,65.3394649890693,1.81517557407504
https://comptox.epa.gov/dashboard/chemical/details/DTXSID7025429,6-Hydroxy-2-naphthyl disulfide,6088-51-3,C20H14O2S2,350.043522,153,394,39,Active,32.0636474766146,1.60318237383073,35.4372164970471,1.54945960183104
https://comptox.epa.gov/dashboard/chemical/details/DTXSID7025689,Musk ambrette,83-66-9,C12H16N2O5,268.105922,5,234,2,Active,26.8937797595141,1.34468898797571,37.4301186357127,1.57322120362401
https://comptox.epa.gov/dashboard/chemical/details/DTXSID7026156,"Toluene 2,4-diisocyanate",584-84-9,C9H6N2O2,174.042927,72,604,12,Active,49.2350117505871,2.46175058752936,40,1.60205999132796
https://comptox.epa.gov/dashboard/chemical/details/DTXSID7026314,Zinc pyrithione,13463-41-7,C10H8N2O2S2Zn,315.931862,172,373,46,Active,34.3549807397529,1.71774903698765,21.1616509997302,1.32554954767796
https://comptox.epa.gov/dashboard/chemical/details/DTXSID7026655,1-Ethoxy-4-nitrobenzene,100-29-8,C8H9NO3,167.058243,93,234,40,Active,43.1766213003455,2.15883106501728,7.45407982247257,0.872394039111912
https://comptox.epa.gov/dashboard/chemical/details/DTXSID7027544,2-Butenoic acid,3724-65-0,C4H6O2,86.036779,4,318,1,Active,46.2257210096379,2.3112860504819,43.1377332520059,1.6348573205994
https://comptox.epa.gov/dashboard/chemical/details/DTXSID7027756,3-Phenoxybenzenemethanol,13826-35-2,C13H12O2,200.08373,43,399,11,Active,33.8350766254729,1.69175383127364,37.6901744226802,1.57622814728331
https://comptox.epa.gov/dashboard/chemical/details/DTXSID7029241,"2,4-Bis(1-methyl-1-phenylethyl)phenol",2772-45-4,C24H26O,330.198365,336,631,53,Active,69.9887964762359,3.49943982381179,71.1185186186903,1.85198270180877
https://comptox.epa.gov/dashboard/chemical/details/DTXSID7032551,Fluazinam,79622-59-6,C13H4Cl2F6N4O4,463.951379,394,724,54,Active,40.811017598342,2.0405508799171,37.2873738333938,1.57156179688159
https://comptox.epa.gov/dashboard/chemical/details/DTXSID7034042,Tetra-N-octylammonium bromide,14866-33-2,C32H68BrN,545.453514,152,234,65,Active,114.789876812314,5.73949384061568,63.4619443153714,1.80251337366577
https://comptox.epa.gov/dashboard/chemical/details/DTXSID7037717,Bisphenol AF,1478-61-1,C15H10F6O2,336.058499,401,794,51,Active,29.9679869433283,1.49839934716641,0.390254663598831,-0.4086518983536
https://comptox.epa.gov/dashboard/chemical/details/DTXSID7037715,"2,2-Dimethoxy-1,2-diphenylethanone",24650-42-8,C16H16O3,256.109944,34,436,8,Active,46.3668075068389,2.31834037534195,16.2237936173671,1.21015241303485
https://comptox.epa.gov/dashboard/chemical/details/DTXSID7037555,tau-Fluvalinate,102851-06-9,C26H22ClF3N2O3,502.127105,55,393,14,Active,33.1526373731267,1.65763186865634,67.3193702962797,1.82814004494297
https://comptox.epa.gov/dashboard/chemical/details/DTXSID7038864,"2,2'-Methylenebis(ethyl-6-tert-butylphenol)",88-24-4,C25H36O2,368.27153,182,361,50,Active,136.062186897374,6.8031093448687,38.7174480378039,1.58790672416258
https://comptox.epa.gov/dashboard/chemical/details/DTXSID7041461,"3,3,4,4-Tetrachlorotetrahydrothiophene 1,1-dioxide",3737-41-5,C4H4Cl4O2S,255.868611,262,439,60,Active,22.9869552333214,1.14934776166607,70.1735939966809,1.84617371983729
https://comptox.epa.gov/dashboard/chemical/details/DTXSID7041629,"2,2'-Dibenzoylaminodiphenyl disulfide",135-57-9,C26H20N2O2S2,456.09662,173,447,39,Active,31.1776486175084,1.55888243087542,33.0263717659468,1.51886086528758
https://comptox.epa.gov/dashboard/chemical/details/DTXSID7041887,Dipentaerythritol pentaacrylate,60506-81-2,C25H32O12,524.189376,154,319,48,Active,34.9011981214925,1.74505990607462,66.5975647663355,1.82345834887182
https://comptox.epa.gov/dashboard/chemical/details/DTXSID7043952,Triclabendazole,68786-66-3,C14H9Cl3N2OS,357.950117,35,78,45,Active,26.8160568830202,1.34080284415101,31.9875544725143,1.50498103846827
https://comptox.epa.gov/dashboard/chemical/details/DTXSID7044895,tert-Butyl 4-hydroxybenzoate,25804-49-3,C11H14O3,194.094294,38,319,12,Active,83.5415366378782,4.17707683189391,36.8557552357062,1.566505315043
https://comptox.epa.gov/dashboard/chemical/details/DTXSID7045318,Esculin,531-75-9,C15H16O9,340.079432,19,78,24,Active,26.514683695746,1.3257341847873,10,1
https://comptox.epa.gov/dashboard/chemical/details/DTXSID7045867,Estradiol acetate,4245-41-4,C20H26O3,314.188195,47,246,19,Active,110.229640061761,5.51148200308803,0.000665448098259191,-3.17688581174249
https://comptox.epa.gov/dashboard/chemical/details/DTXSID7046708,Polyethylene glycol (20) hexadecyl ether,NOCAS_46708,C56H114O21,1122.785261,46,78,59,Active,116.268400885782,5.81342004428912,27.9598900252443,1.44653545886465
https://comptox.epa.gov/dashboard/chemical/details/DTXSID7046754,Methenolone enanthate,303-42-4,C27H42O3,414.313395,9,78,12,Active,98.7423567954277,4.93711783977139,8.21282697480031,0.914492673347099
https://comptox.epa.gov/dashboard/chemical/details/DTXSID7047144,Chlorhexidine dihydrochloride,3697-42-5,C22H32Cl4N10,576.156552,253,443,57,Active,35.8678530527065,1.79339265263532,66.7910561236265,1.82471831073584
https://comptox.epa.gov/dashboard/chemical/details/DTXSID7047146,Diethylstilbestrol dipropionate,130-80-3,C24H28O4,380.198759,91,334,27,Active,91.0389531066682,4.55194765533341,0.00189606255125184,-2.7221473393527
https://comptox.epa.gov/dashboard/chemical/details/DTXSID7046837,Bunamidine hydrochloride,1055-55-6,C25H39ClN2O,418.275092,46,78,59,Active,81.6540650402252,4.08270325201126,37.3874819273741,1.57272621610708
https://comptox.epa.gov/dashboard/chemical/details/DTXSID7047433,Equilin,474-86-2,C18H20O2,268.14633,130,560,23,Active,108.180648765963,5.40903243829817,0.00451230822358735,-2.34560124252842
https://comptox.epa.gov/dashboard/chemical/details/DTXSID7048669,Dapiprazole hydrochloride,72822-13-0,C19H28ClN5,361.203324,3,234,1,Active,57.2122065930473,2.86061032965236,24.9345774988518,1.39680201376265
https://comptox.epa.gov/dashboard/chemical/details/DTXSID7048617,Sincalide,25126-32-3,C49H62N10O16S3,1142.350739,4,93,4,Active,51.3020612561823,2.56510306280912,27.7858866227335,1.4438242592901
https://comptox.epa.gov/dashboard/chemical/details/DTXSID7048667,Estramustine phosphate,4891-15-0,C23H32Cl2NO6P,519.13443,17,78,22,Active,111.251568026957,5.56257840134786,0.0317978430612327,-1.49760233845503
https://comptox.epa.gov/dashboard/chemical/details/DTXSID7049340,7-Methylbenzo(a)pyrene,63041-77-0,C21H14,266.10955,51,234,22,Active,48.3715254630701,2.41857627315351,4.69119874136885,0.671283832105438
https://comptox.epa.gov/dashboard/chemical/details/DTXSID7049550,NTP Mix95 ER AR1 18-GP,NOCAS_49550,, ,16,234,7,Active,30.5368443596258,1.52684221798129,26.9277898249512,1.43020070891769
https://comptox.epa.gov/dashboard/chemical/details/DTXSID8021191,Proflavin hydrochloride,952-23-8,C13H12ClN3,245.071975,115,249,46,Active,28.9637669491012,1.44818834745506,9.60539158289105,0.982515074436888
https://comptox.epa.gov/dashboard/chemical/details/DTXSID8022329,Epitestosterone,481-30-1,C19H28O2,288.20893,12,78,15,Active,96.1798146144111,4.80899073072055,10.2573604982646,1.01103561920503
https://comptox.epa.gov/dashboard/chemical/details/DTXSID8022406,"2,4-Dihydroxybenzophenone",131-56-6,C13H10O3,214.062994,88,570,15,Active,69.9546856670436,3.49773428335218,26.1013665298817,1.41666324530192
https://comptox.epa.gov/dashboard/chemical/details/DTXSID8022371,Testosterone,58-22-0,C19H28O2,288.20893,34,234,15,Active,72.1406056596858,3.60703028298429,10.4770217888213,1.02023784710399
https://comptox.epa.gov/dashboard/chemical/details/DTXSID8022377,17alpha-Estradiol,57-91-0,C18H24O2,272.17763,195,652,30,Active,87.864512004681,4.39322560023405,0.00174896826674013,-2.75721807028386
https://comptox.epa.gov/dashboard/chemical/details/DTXSID8022955,Dithiazanine iodide,514-73-8,C23H23IN2S2,518.03474,41,78,53,Active,60.6847501190593,3.03423750595296,33.4063270955607,1.52382872916054
https://comptox.epa.gov/dashboard/chemical/details/DTXSID8023000,Estradiol dipropionate,113-38-2,C24H32O4,384.23006,18,78,23,Active,89.9667916640114,4.49833958320057,0.000462821182911664,-3.33458677199532
https://comptox.epa.gov/dashboard/chemical/details/DTXSID8023004,Estradiol valerate,979-32-8,C23H32O3,356.235145,18,78,23,Active,111.555079923601,5.57775399618007,0.000600344477185529,-3.22159948026449
https://comptox.epa.gov/dashboard/chemical/details/DTXSID8023181,Ivermectin B1a,71827-03-7,C48H74O14,874.507857,35,78,45,Active,23.4316229022216,1.17158114511108,33.2600954743045,1.52192349154327
https://comptox.epa.gov/dashboard/chemical/details/DTXSID8023216,"3,5,3'-Triiodothyronine",6893-02-3,C15H12I3NO4,650.79004,151,700,22,Active,33.7655109542121,1.68827554771061,5.89675734320666,0.770613256542492
https://comptox.epa.gov/dashboard/chemical/details/DTXSID8024866,Crystal Violet lactone,1552-42-7,C26H29N3O2,415.225977,54,234,23,Active,115.312679972777,5.76563399863883,64.5154015783696,1.80966340489935
https://comptox.epa.gov/dashboard/chemical/details/DTXSID8026303,p-Xylenol blue,125-31-5,C23H22O5S,410.118795,58,442,13,Active,24.5571790863795,1.22785895431897,1.08172138805103,0.0341154167657101
https://comptox.epa.gov/dashboard/chemical/details/DTXSID8027292,Dibutyltin dichloride,683-18-1,C8H18Cl2Sn,303.980758,195,379,51,Active,40.0182133835501,2.0009106691775,28.0490006637314,1.44791739272379
https://comptox.epa.gov/dashboard/chemical/details/DTXSID8027955,Isooctyl acrylate,29590-42-9,, ,22,576,4,Active,24.5617513515524,1.22808756757762,70.5357388078168,1.84840921960494
https://comptox.epa.gov/dashboard/chemical/details/DTXSID8029602,"4,4'-Butane-1,1-diylbis(2-tert-butyl-5-methylphenol)",85-60-9,C26H38O2,382.28718,148,234,63,Active,158.766117162392,7.93830585811959,37.4694267475716,1.57367704878446
https://comptox.epa.gov/dashboard/chemical/details/DTXSID8034742,"Milbemectin (mixture of 70% Milbemcin A4, 30% Milbemycin A3)",NOCAS_34742,, ,401,724,55,Active,117.384633601718,5.8692316800859,71.3883548065569,1.85362737346067
https://comptox.epa.gov/dashboard/chemical/details/DTXSID8035138,(4-Aminophenyl)arsonic acid,98-50-0,C6H8AsNO3,216.972013,2,234,1,Active,49.2757041883189,2.46378520941595,5.10283266378764E-05,-4.29218867316987
https://comptox.epa.gov/dashboard/chemical/details/DTXSID8040278,Iodenphos,18181-70-9,C8H8Cl2IO3PS,411.83535,69,319,22,Active,27.3181600697407,1.36590800348703,40,1.60205999132796
https://comptox.epa.gov/dashboard/chemical/details/DTXSID8038857,2-Methyl-4'-(methylthio)-2-morpholinopropiophenone,71868-10-5,C15H21NO2S,279.1293,15,237,6,Active,51.385565203017,2.56927826015085,24.8781186331161,1.39581753445327
https://comptox.epa.gov/dashboard/chemical/details/DTXSID8041242,"2,2,4-Trimethylpentane-1,3-diyl dibenzoate",68052-23-3,C22H26O4,354.183109,28,319,9,Active,62.7956498593893,3.13978249296946,13.4699754799595,1.12936680515669
https://comptox.epa.gov/dashboard/chemical/details/DTXSID8042264,Pentaerythritol tetraacrylate,4986-89-4,C17H20O8,352.115818,141,319,44,Active,35.0509077885491,1.75254538942746,74.5616558991365,1.87251554446223
https://comptox.epa.gov/dashboard/chemical/details/DTXSID8044204,Mibefradil dihydrochloride,116666-63-8,C29H40Cl2FN3O3,567.243076,130,234,56,Active,53.5966325046071,2.67983162523035,38.4667646874416,1.58508566076801
https://comptox.epa.gov/dashboard/chemical/details/DTXSID8044549,Potassium dicyanoaurate,13967-50-5,C2AuKN2,287.936423,133,237,56,Active,22.3442429189135,1.11721214594568,8.60767698364979,0.934885961058069
https://comptox.epa.gov/dashboard/chemical/details/DTXSID8044836,"2,4,4'-Trihydroxybenzophenone",1470-79-7,C13H10O4,230.057909,106,498,21,Active,68.5782990059745,3.42891495029872,23.1399917229162,1.36436319927034
https://comptox.epa.gov/dashboard/chemical/details/DTXSID8044913,N-[3-(Dimethylamino)propyl]dodecanamide,3179-80-4,C17H36N2O,284.282764,160,319,50,Active,21.8793335813543,1.09396667906771,38.3453657071923,1.58371288407614
https://comptox.epa.gov/dashboard/chemical/details/DTXSID8045852,Iproniazid sulfate,36504-56-0,C9H15N3O5S,277.073242,4,234,2,Active,62.113832137766,3.1056916068883,23.7669107938581,1.37597273610896
https://comptox.epa.gov/dashboard/chemical/details/DTXSID8046034,Acarbose,56180-94-0,C25H43NO18,645.248014,5,234,2,Active,70.8488004016445,3.54244002008223,20,1.30102999566398
https://comptox.epa.gov/dashboard/chemical/details/DTXSID8046458,Estramustine,2998-57-4,C23H31Cl2NO3,439.168099,20,234,9,Active,114.324338418211,5.71621692091055,0.00631646188222968,-2.19952612034053
https://comptox.epa.gov/dashboard/chemical/details/DTXSID8046666,C.I. Basic Violet 1,8004-87-3,, ,46,85,54,Active,23.4074073734842,1.17037036867421,35.9617440621017,1.55584074585818
https://comptox.epa.gov/dashboard/chemical/details/DTXSID8046589,Protoporphyrin disodium,50865-01-5,C34H32N4Na2O4,606.221894,25,234,11,Active,129.375365408511,6.46876827042554,8.78155331579739,0.943571342422424
https://comptox.epa.gov/dashboard/chemical/details/DTXSID8046872,4-Chloromercuriphenol,623-07-4,C6H5ClHgO,329.973535,53,78,68,Active,35.7686793652088,1.78843396826044,20,1.30102999566398
https://comptox.epa.gov/dashboard/chemical/details/DTXSID8047187,Citronellyl propionate,141-14-0,C13H24O2,212.17763,8,321,2,Active,24.4008604177778,1.22004302088889,40,1.60205999132796
https://comptox.epa.gov/dashboard/chemical/details/DTXSID8047973,"4,4'-Propane-2,2-diylbis(2,6-dimethylphenol)",5613-46-7,C19H24O2,284.17763,123,234,53,Active,22.4139412534743,1.12069706267371,0.90753418766377,-0.042137005703353
https://comptox.epa.gov/dashboard/chemical/details/DTXSID8047923,1-Hexadecyl-3-methylimidazolium chloride,61546-01-8,C20H39ClN2,342.280177,126,234,54,Active,26.2077160199607,1.31038580099804,33.8936237608072,1.53011800422211
https://comptox.epa.gov/dashboard/chemical/details/DTXSID8048812,Lemildipine,94739-29-4,C20H22Cl2N2O6,456.085492,74,246,30,Active,29.196930698296,1.4598465349148,20,1.30102999566398
https://comptox.epa.gov/dashboard/chemical/details/DTXSID8049254,1-Hexadecyl-3-methylimidazolium tetrafluoroborate,244193-64-4,C20H39BF4N2,394.314242,147,234,63,Active,67.7025915005708,3.38512957502854,37.3000056833172,1.57170889798116
https://comptox.epa.gov/dashboard/chemical/details/DTXSID8048943,Canertinib,267243-28-7,C24H25ClFN5O3,485.162996,92,234,39,Active,55.2241406815704,2.76120703407852,32.8974699417987,1.5171624987838
https://comptox.epa.gov/dashboard/chemical/details/DTXSID8049541,NTP Mix86 ER AR1 18-EQP,NOCAS_49541,, ,21,234,9,Active,23.1820349267495,1.15910174633748,33.2986992389364,1.52242726881005
https://comptox.epa.gov/dashboard/chemical/details/DTXSID8049543,NTP Mix88 ER AR1 18-GP,NOCAS_49543,, ,19,234,8,Active,27.2949477251784,1.36474738625892,32.6997262235822,1.51454411657205
https://comptox.epa.gov/dashboard/chemical/details/DTXSID8049547,NTP Mix92 ER AR1 18-GP,NOCAS_49547,, ,18,234,8,Active,22.0718518049616,1.10359259024808,34.5626306419986,1.53860679022539
https://comptox.epa.gov/dashboard/chemical/details/DTXSID9020110,Astemizole,68844-77-9,C28H31FN4O,458.24819,226,453,50,Active,116.853973823472,5.84269869117361,53.6460766705157,1.72953796595435
https://comptox.epa.gov/dashboard/chemical/details/DTXSID9020372,Mitotane,53-19-0,C14H10Cl4,317.953661,152,405,38,Active,30.0456799384323,1.50228399692162,7.76933374968661,0.890383777971995
https://comptox.epa.gov/dashboard/chemical/details/DTXSID9020958,"4-Nitro-1,2-phenylenediamine",99-56-9,C6H7N3O2,153.053826,48,321,15,Active,35.7133694552732,1.78566847276366,40.3031964726107,1.60533949168367
https://comptox.epa.gov/dashboard/chemical/details/DTXSID9021344,"4,4'-Thiodianiline",139-65-1,C12H12N2S,216.07212,21,324,6,Active,24.3114451377619,1.2155722568881,37.4574770236095,1.57353852179456
https://comptox.epa.gov/dashboard/chemical/details/DTXSID9021219,Quercetin dihydrate,6151-25-3,C15H14O9,338.063782,56,246,23,Active,25.6241689070362,1.28120844535181,24.5626775739515,1.39027570742875
https://comptox.epa.gov/dashboard/chemical/details/DTXSID9022360,"4-(1,1,3,3-Tetramethylbutyl)phenol",140-66-9,C14H22O,206.167065,307,695,44,Active,69.3882376681357,3.46941188340678,4.85798588988646,0.68645624905426
https://comptox.epa.gov/dashboard/chemical/details/DTXSID9022310,Daidzein,486-66-8,C15H10O4,254.057909,95,656,14,Active,97.4126857353388,4.87063428676694,4.71311158225058,0.673307721741826
https://comptox.epa.gov/dashboard/chemical/details/DTXSID9022364,5alpha-Dihydrotestosterone,521-18-6,C19H30O2,290.22458,138,697,20,Active,116.563694816918,5.82818474084591,0.581547821104774,-0.235414567112667
https://comptox.epa.gov/dashboard/chemical/details/DTXSID9022366,Estriol,50-27-1,C18H24O3,288.172545,70,551,13,Active,99.7920151813268,4.98960075906634,0.00355572293233411,-2.44907208730992
https://comptox.epa.gov/dashboard/chemical/details/DTXSID9022445,Bis(4-hydroxyphenyl)methane,620-92-8,C13H12O2,200.08373,44,455,10,Active,64.5621672086395,3.22810836043197,22.7398199314294,1.35678702134133
https://comptox.epa.gov/dashboard/chemical/details/DTXSID9022609,Androstenediol,521-17-5,C19H30O2,290.22458,11,234,5,Active,125.969088860403,6.29845444302016,0.0805382126438303,-1.09399801276602
https://comptox.epa.gov/dashboard/chemical/details/DTXSID9022574,Allylestrenol,432-60-0,C21H32O,300.245316,11,78,14,Active,96.9448882270341,4.8472444113517,1.82189115216208,0.26052242673826
https://comptox.epa.gov/dashboard/chemical/details/DTXSID9022526,Benzyl 4-hydroxybenzoate,94-18-8,C14H12O3,228.078644,94,372,25,Active,28.2636945644831,1.41318472822416,34.0376418668137,1.53195946446469
https://comptox.epa.gov/dashboard/chemical/details/DTXSID9022994,Erythromycin propionate,134-36-1,C40H71NO14,789.487456,30,234,13,Active,82.1643174956131,4.10821587478065,37.2513124546405,1.57114157860826
https://comptox.epa.gov/dashboard/chemical/details/DTXSID9022998,Estradiol benzoate,50-50-0,C25H28O3,376.203845,12,78,15,Active,106.893310644444,5.34466553222218,0.000787917240448301,-3.10351939660202
https://comptox.epa.gov/dashboard/chemical/details/DTXSID9023380,Norethindrone,68-22-4,C20H26O2,298.19328,152,665,23,Active,86.1648769363455,4.30824384681728,0.37507682589938,-0.425879767880548
https://comptox.epa.gov/dashboard/chemical/details/DTXSID9024930,"3,4-Diaminotoluene",496-72-0,C7H10N2,122.084398,87,628,14,Active,31.1879838727304,1.55939919363652,62.1392817665714,1.79336622917938
https://comptox.epa.gov/dashboard/chemical/details/DTXSID9025035,7-Diethylamino-4-methylcoumarin,91-44-1,C14H17NO2,231.125929,105,445,24,Active,118.675029322882,5.9337514661441,30.9126785055291,1.49013663721383
https://comptox.epa.gov/dashboard/chemical/details/DTXSID9025401,"1,6-Hexanediol diacrylate",13048-33-4,C12H18O4,226.120509,202,440,46,Active,56.9021873585366,2.84510936792683,68.5227346627071,1.8358346868274
https://comptox.epa.gov/dashboard/chemical/details/DTXSID9035204,Tributyltin methacrylate,2155-70-6,C16H32O2Sn,376.142432,511,754,68,Active,37.5863745238649,1.87931872619325,6.93568936384159,0.841089633690969
https://comptox.epa.gov/dashboard/chemical/details/DTXSID9034997,Tributyltetradecylphosphonium chloride,81741-28-8,C26H56ClP,434.380816,218,386,56,Active,84.597387175446,4.2298693587723,29.0602779332309,1.46329976358524
https://comptox.epa.gov/dashboard/chemical/details/DTXSID9036515,Testosterone propionate,57-85-2,C22H32O3,344.235145,252,661,38,Active,104.982328326986,5.24911641634928,3.69996678350968,0.568197825201263
https://comptox.epa.gov/dashboard/chemical/details/DTXSID9042124,Mercuric iodide,7774-29-0,HgI2,455.77958,148,237,62,Active,25.25033953963,1.2625169769815,51.7515698723692,1.71392352855536
https://comptox.epa.gov/dashboard/chemical/details/DTXSID9044247,Lactitol,585-86-4,C12H24O11,344.131862,6,234,3,Active,88.6424612846124,4.43212306423062,3.93165468457395,0.594575366950105
https://comptox.epa.gov/dashboard/chemical/details/DTXSID9044615,Ethylene acrylate,2274-11-5,C8H10O4,170.057909,55,321,17,Active,161.573211979441,8.07866059897203,33.6018548007472,1.52636325082725
https://comptox.epa.gov/dashboard/chemical/details/DTXSID9044796,(Acryloyloxy)(tributyl)stannane,13331-52-7,C15H30O2Sn,362.126782,195,334,58,Active,43.6366849912974,2.18183424956487,6.98508378172047,0.844171619572702
https://comptox.epa.gov/dashboard/chemical/details/DTXSID9044821,"Ethyl 2-cyano-3,3-diphenylacrylate",5232-99-5,C18H15NO2,277.110279,71,451,16,Active,22.3466063047545,1.11733031523772,12.5600784529374,1.09899235210591
https://comptox.epa.gov/dashboard/chemical/details/DTXSID9045922,Benazepril hydrochloride,86541-74-4,C24H29ClN2O5,460.1765,84,234,36,Active,31.2949389213459,1.5647469460673,20,1.30102999566398
https://comptox.epa.gov/dashboard/chemical/details/DTXSID9046788,Norelgestromin,53016-31-2,C21H29NO2,327.219829,23,78,29,Active,85.2144502328712,4.26072251164356,0.373478573756607,-0.427734308349755
https://comptox.epa.gov/dashboard/chemical/details/DTXSID9046601,"D-Fructose 1,6-bisphosphate trisodium",38099-82-0,C6H11Na3O12P2,405.941883,3,78,4,Active,34.7404969752987,1.73702484876493,28.5483606034153,1.45558117383115
https://comptox.epa.gov/dashboard/chemical/details/DTXSID9046782,Etonogestrel,54048-10-1,C22H28O2,324.20893,14,93,15,Active,70.6350915857348,3.53175457928674,3.39627308491092,0.531002603392191
https://comptox.epa.gov/dashboard/chemical/details/DTXSID9046867,Pyrrolnitrin,1018-71-9,C10H6Cl2N2O2,255.980633,25,78,32,Active,48.5927982247074,2.42963991123537,18.2515884053595,1.26130066636313
https://comptox.epa.gov/dashboard/chemical/details/DTXSID9047540,3-Hydroxyfluorene,6344-67-8,C13H10O,182.073165,179,650,28,Active,48.0224725344627,2.40112362672314,60.3422033663889,1.78062116418159
https://comptox.epa.gov/dashboard/chemical/details/DTXSID9047885,Nonylparaben,38713-56-3,C16H24O3,264.172545,109,234,47,Active,55.3420645843348,2.76710322921674,8.3701530896634,0.922733401289321
https://comptox.epa.gov/dashboard/chemical/details/DTXSID9047889,1-Ethyl-3-methyl-1H-imidazol-3-ium diethyl phosphate,848641-69-0,C10H21N2O4P,264.123894,145,253,57,Active,58.1442089033109,2.90721044516554,37.862620146358,1.57821066445428
https://comptox.epa.gov/dashboard/chemical/details/DTXSID9047887,Pentylparaben,6521-29-5,C12H16O3,208.109944,56,234,24,Active,24.8351347316844,1.24175673658422,32.0918215869792,1.50639436909677
https://comptox.epa.gov/dashboard/chemical/details/DTXSID9047962,4-Benzylphenol,101-53-1,C13H12O,184.088815,33,234,14,Active,57.7237943948592,2.88618971974296,53.0187542760497,1.7244295193723
https://comptox.epa.gov/dashboard/chemical/details/DTXSID9047960,"4,4'-Thiodiphenol",2664-63-3,C12H10O2S,218.040151,44,234,19,Active,38.6595505514568,1.93297752757284,14.5124455173232,1.16174060231974
https://comptox.epa.gov/dashboard/chemical/details/DTXSID9048699,Chloramphenicol palmitate,530-43-8,C27H42Cl2N2O6,560.241993,4,78,5,Active,57.8627110129058,2.89313555064529,5.00000023984933E-05,-4.30102997483093
https://comptox.epa.gov/dashboard/chemical/details/DTXSID9048984,Pamoic acid,130-85-8,C23H16O6,388.094688,6,78,8,Active,51.6321503149708,2.58160751574854,26.327721713457,1.42041327877626
https://comptox.epa.gov/dashboard/chemical/details/DTXSID9049534,NTP Mix114 ER1 10-GP,NOCAS_49534,, ,9,234,4,Active,28.1145928445239,1.4057296422262,29.5550184275983,1.47063123446825
https://comptox.epa.gov/dashboard/chemical/details/DTXSID9049536,NTP Mix116 ER1 10-GP,NOCAS_49536,, ,10,234,4,Active,32.3439759245431,1.61719879622716,23.8508602749277,1.37750404819441
https://comptox.epa.gov/dashboard/chemical/details/DTXSID9049401,Thioridazine hydrochloride,130-61-0,C21H27ClN2S2,406.130419,145,234,62,Active,36.0179505364883,1.80089752682441,68.3458906178323,1.83471240718985
