DTXSID,PREFERRED NAME,CASRN,MOLECULAR FORMULA,MONOISOTOPIC MASS,ToxCast Active,ToxCast Total,% ToxCast Active,HIT CALL,TOP,SCALED TOP,AC50,LOGAC50
https://comptox.epa.gov/dashboard/chemical/details/DTXSID0020319,Chlorothalonil,1897-45-6,C8Cl4N2,263.881559,341,737,46.0,Active,28.251031844804317,1.4125515922402159,25.3793654609143,1.4044807595920803
https://comptox.epa.gov/dashboard/chemical/details/DTXSID0020573,17beta-Estradiol,50-28-2,C18H24O2,272.177630,188,657,29.0,Active,99.04871369241013,4.952435684620506,0.00013033423466451277,-3.8849414939339946
https://comptox.epa.gov/dashboard/chemical/details/DTXSID0020814,Mestranol,72-33-3,C21H26O2,310.193280,131,527,25.0,Active,71.678555509409,3.5839277754704497,0.0472529598044349,-1.325570983208161
https://comptox.epa.gov/dashboard/chemical/details/DTXSID0021460,Zearalenone,17924-92-4,C18H22O5,318.146724,150,416,36.0,Active,74.11637518641231,3.7058187593206156,0.10916714857005637,-0.9619080332542634
https://comptox.epa.gov/dashboard/chemical/details/DTXSID0021464,Ziram,137-30-4,C6H12N2S4Zn,303.917475,368,632,58.0,Active,44.76079222928147,2.2380396114640737,28.808087733313556,1.4595144309831936
https://comptox.epa.gov/dashboard/chemical/details/DTXSID0021626,4-Isopropylbenzyl alcohol,536-60-7,C10H14O,150.104465,6,431,1.0,Active,27.76815282615046,1.388407641307523,33.84230764878816,1.5294599691709154
https://comptox.epa.gov/dashboard/chemical/details/DTXSID0022727,Canthaxanthin,514-78-3,C40H52O2,564.396731,3,78,4.0,Active,22.26257600718966,1.113128800359483,33.786380492249165,1.5287416686485185
https://comptox.epa.gov/dashboard/chemical/details/DTXSID0023907,Benzo(b)fluoranthene,205-99-2,C20H12,252.093900,160,624,26.0,Active,74.183128074026,3.7091564037013,34.43578496623084,1.537009987208576
https://comptox.epa.gov/dashboard/chemical/details/DTXSID0023909,Benzo[k]fluoranthene,207-08-9,C20H12,252.093900,58,267,22.0,Active,249.34274035279918,12.46713701763996,5.187123676367243,0.7149266029817293
https://comptox.epa.gov/dashboard/chemical/details/DTXSID0025076,"1,8-Dihydroxy-4,5-dinitroanthraquinone",81-55-0,C14H6N2O8,330.012415,133,234,57.0,Active,49.91738158857311,2.4958690794286555,34.174032893683034,1.5336962331190165
https://comptox.epa.gov/dashboard/chemical/details/DTXSID0025997,13-cis-Retinal,472-86-6,C20H28O,284.214016,90,234,38.0,Active,21.93684258139411,1.0968421290697055,46.52617856113228,1.6676973831163673
https://comptox.epa.gov/dashboard/chemical/details/DTXSID0027773,Trimethylolpropane triacrylate,15625-89-5,C15H20O6,296.125988,250,433,58.0,Active,33.918881591714054,1.6959440795857028,57.44969490001698,1.7592877266084486
https://comptox.epa.gov/dashboard/chemical/details/DTXSID0033382,Daunomycin hydrochloride,23541-50-6,C27H30ClNO10,563.155824,139,234,59.0,Active,63.4515522747524,3.1725776137376203,75.51737833443481,1.8780469045599868
https://comptox.epa.gov/dashboard/chemical/details/DTXSID0034192,17beta-Trenbolone,10161-33-8,C18H22O2,270.161980,180,705,26.0,Active,105.98495739301207,5.299247869650603,1.064255649462337,0.0270459642509185
https://comptox.epa.gov/dashboard/chemical/details/DTXSID0034566,Emamectin benzoate,155569-91-8,, ,486,827,59.0,Active,106.68308124673695,5.3341540623368475,30.677670619802605,1.486822380199622
https://comptox.epa.gov/dashboard/chemical/details/DTXSID0040965,Androstenone,18339-16-7,C19H28O,272.214016,5,78,6.0,Active,96.19701840440736,4.809850920220368,17.550103182403774,1.2442796741589288
https://comptox.epa.gov/dashboard/chemical/details/DTXSID0043896,Fenoldopam,67227-56-9,C16H16ClNO3,305.081871,5,234,2.0,Active,95.39565709774692,4.769782854887346,15.643708200742207,1.1943397065392736
https://comptox.epa.gov/dashboard/chemical/details/DTXSID0044525,Phenylmercuric lactate,122-64-5,C9H10HgO3,368.033637,148,237,62.0,Active,43.19033633347894,2.159516816673947,2.8275504365766766,0.4514103604167947
https://comptox.epa.gov/dashboard/chemical/details/DTXSID0046307,Falnidamol dihydrochloride,1216920-18-1,C18H21Cl3FN7,459.090805,102,234,44.0,Active,117.8091669301671,5.890458346508355,21.064024665330873,1.323541354643911
https://comptox.epa.gov/dashboard/chemical/details/DTXSID0046480,Prulifloxacin,123447-62-1,C21H20FN3O6S,461.105685,7,234,3.0,Active,29.14680909966639,1.4573404549833195,31.52302028093524,1.4986278213969637
https://comptox.epa.gov/dashboard/chemical/details/DTXSID0046806,Testosterone isocaproate,15262-86-9,C25H38O3,386.282095,13,78,17.0,Active,92.9121926512374,4.64560963256187,11.347709678934415,1.0549082162276537
https://comptox.epa.gov/dashboard/chemical/details/DTXSID0047325,SB413217A,NOCAS_47325,C30H36ClFN4O2,538.251082,106,630,17.0,Active,24.288214561776385,1.2144107280888192,32.4587422333695,1.5113316870339484
https://comptox.epa.gov/dashboard/chemical/details/DTXSID0047377,AVE6324,NOCAS_47377,C31H36Cl2N4O7S,678.168176,349,659,53.0,Active,97.590108795509,4.87950543977545,65.79412147147887,1.8181870922986447
https://comptox.epa.gov/dashboard/chemical/details/DTXSID0047953,Trihexyltetradecylphosphonium bromide,654057-97-3,C32H68BrP,562.424202,151,234,65.0,Active,107.37372479353992,5.368686239676996,31.296137339426128,1.4954907389620589
https://comptox.epa.gov/dashboard/chemical/details/DTXSID0047957,Octylparaben,1219-38-1,C15H22O3,250.156895,146,394,37.0,Active,32.577341557238604,1.6288670778619303,63.59955937053352,1.803454106786641
https://comptox.epa.gov/dashboard/chemical/details/DTXSID0048189,Lauryl gallate,1166-52-5,C19H30O5,338.209324,179,365,49.0,Active,52.51334341041552,2.625667170520776,71.48350734680355,1.8542058530668715
https://comptox.epa.gov/dashboard/chemical/details/DTXSID0048505,PharmaGSID_48505,NOCAS_48505,C17H12ClN5O2,353.067952,291,623,47.0,Active,28.055834323969677,1.4027917161984838,30.878688172887426,1.4896588418133814
https://comptox.epa.gov/dashboard/chemical/details/DTXSID0048842,Proglumetacin,57132-53-3,C46H58ClN5O8,843.397392,76,234,32.0,Active,67.47092297810727,3.3735461489053633,7.75293032713462,0.8894658811348712
https://comptox.epa.gov/dashboard/chemical/details/DTXSID0048973,Mestanolone,521-11-9,C20H32O2,304.240230,11,78,14.0,Active,104.72160722188488,5.236080361094244,0.7386195015471474,-0.1315792299879022
https://comptox.epa.gov/dashboard/chemical/details/DTXSID1020510,"7,12-Dimethylbenz(a)anthracene",57-97-6,C20H16,256.125201,349,702,50.0,Active,47.18394448057811,2.3591972240289056,39.99999999999999,1.6020599913279623
https://comptox.epa.gov/dashboard/chemical/details/DTXSID1020433,"3,3'-Dichlorobenzidine dihydrochloride",612-83-9,C12H12Cl4N2,323.975459,156,477,33.0,Active,22.849059131908525,1.1424529565954262,15.813151310008177,1.199018426552606
https://comptox.epa.gov/dashboard/chemical/details/DTXSID1020770,Kepone,143-50-0,C10Cl10O,485.683442,441,758,58.0,Active,26.722333331200602,1.3361166665600301,4.597929041377471,0.6625622646331294
https://comptox.epa.gov/dashboard/chemical/details/DTXSID1020560,Endosulfan,115-29-7,C9H6Cl6O3S,403.816881,339,800,42.0,Active,23.384644542461427,1.1692322271230713,10.691223704819024,1.0290274168864908
https://comptox.epa.gov/dashboard/chemical/details/DTXSID1021031,4-Nitrosodiphenylamine,156-10-5,C12H10N2O,198.079313,176,362,49.0,Active,82.09154474855511,4.104577237427756,34.64403622914228,1.5396284840938097
https://comptox.epa.gov/dashboard/chemical/details/DTXSID1021114,Perhexiline maleate,6724-53-4,C23H39NO4,393.287909,128,234,55.0,Active,52.40361943754766,2.620180971877383,37.46197118448935,1.5735906254691052
https://comptox.epa.gov/dashboard/chemical/details/DTXSID1021409,Triphenyltin hydroxide,76-87-9,C18H16OSn,368.022317,398,695,57.0,Active,72.26512967171445,3.6132564835857224,41.30060869549078,1.6159564524105112
https://comptox.epa.gov/dashboard/chemical/details/DTXSID1021247,C.I. Basic Red 9 monohydrochloride,569-61-9,C19H18ClN3,323.118925,118,324,36.0,Active,21.54082653964322,1.077041326982161,75.38522416111806,1.8772862305629108
https://comptox.epa.gov/dashboard/chemical/details/DTXSID1022425,"4,4'-Dihydoxybenzophenone",611-99-4,C13H10O3,214.062994,16,234,7.0,Active,63.07404307605948,3.153702153802974,28.02446112777605,1.4475372704558305
https://comptox.epa.gov/dashboard/chemical/details/DTXSID1022508,4-Dodecylphenol,104-43-8,C18H30O,262.229666,189,395,48.0,Active,41.87960345127523,2.0939801725637617,3.308977364278535,0.5196937962917508
https://comptox.epa.gov/dashboard/chemical/details/DTXSID1022394,Biochanin A,491-80-5,C16H12O5,284.068473,141,419,34.0,Active,31.59558328904229,1.5797791644521144,9.553852128691242,0.9801785151354857
https://comptox.epa.gov/dashboard/chemical/details/DTXSID1023231,Lysergide,50-37-3,C20H25N3O,323.199762,29,234,12.0,Active,111.56145117857619,5.57807255892881,17.82569497924753,1.25104647090923
https://comptox.epa.gov/dashboard/chemical/details/DTXSID1024209,Naled,300-76-5,C4H7Br2Cl2O4P,377.782577,218,697,31.0,Active,24.724132609924954,1.2362066304962478,63.98013396046933,1.806045145067121
https://comptox.epa.gov/dashboard/chemical/details/DTXSID1025065,Digitonin,11024-24-1,C56H92O29,1228.572427,157,237,66.0,Active,108.21768464311884,5.410884232155942,64.17295010329578,1.8073520047599847
https://comptox.epa.gov/dashboard/chemical/details/DTXSID1025017,Dicumyl peroxide,80-43-3,C18H22O2,270.161980,143,599,24.0,Active,35.080966153509735,1.7540483076754867,15.680973689560908,1.1953730261337767
https://comptox.epa.gov/dashboard/chemical/details/DTXSID1025431,3-Hydroxy-N-phenylaniline,101-18-8,C12H11NO,185.084064,23,234,10.0,Active,27.95132317246315,1.3975661586231576,68.57432859284768,1.8361615641460702
https://comptox.epa.gov/dashboard/chemical/details/DTXSID1026902,"N,N,N-Trimethyloctadecan-1-aminium chloride",112-03-8,C21H46ClN,347.331878,273,436,63.0,Active,44.498959886543396,2.2249479943271697,64.51297602679655,1.8096470766515134
https://comptox.epa.gov/dashboard/chemical/details/DTXSID1027633,Irganox 1010,6683-19-8,C73H108O12,1176.784079,10,350,3.0,Active,46.282998436517424,2.314149921825871,19.61726387095277,1.2926384337976733
https://comptox.epa.gov/dashboard/chemical/details/DTXSID1027635,"2,2,4-Trimethyl-1,3-pentanediol diisobutyrate",6846-50-0,C16H30O4,286.214409,27,624,4.0,Active,92.11833491241465,4.605916745620733,23.828083998915755,1.3770891224072208
https://comptox.epa.gov/dashboard/chemical/details/DTXSID1027714,9-Octadecen-1-ol-ethylene oxide copolymer,9004-98-2,(C2H4O)nC18H36O, ,138,234,59.0,Active,108.81476350348512,5.440738175174256,95.15111486606253,1.9784138811920617
https://comptox.epa.gov/dashboard/chemical/details/DTXSID1027926,n-Dodecylphenol,27193-86-8,C18H30O,262.229666,192,393,49.0,Active,50.976104824983864,2.5488052412491933,2.360833241349211,0.373065311551585
https://comptox.epa.gov/dashboard/chemical/details/DTXSID1029120,"4,4'-Biphenyldiol",92-88-6,C12H10O2,186.068080,44,234,19.0,Active,50.65514878330015,2.5327574391650076,28.46085256209993,1.4542479054977278
https://comptox.epa.gov/dashboard/chemical/details/DTXSID1032484,Temephos,3383-96-8,C16H20O6P2S3,465.989726,128,492,26.0,Active,21.501853615387216,1.0750926807693608,33.607027045009524,1.5264300954788752
https://comptox.epa.gov/dashboard/chemical/details/DTXSID1033664,17-Methyltestosterone,58-18-4,C20H30O2,302.224580,157,696,23.0,Active,66.23258534306413,3.3116292671532066,5.331805271403314,0.7268742796954378
https://comptox.epa.gov/dashboard/chemical/details/DTXSID1034187,Tamoxifen,10540-29-1,C26H29NO,371.224915,356,739,48.0,Active,92.09714681528324,4.604857340764162,65.51938293700118,1.8163697985765788
https://comptox.epa.gov/dashboard/chemical/details/DTXSID1036541,Pregnenolone,145-13-1,C21H32O2,316.240230,57,452,13.0,Active,62.356391438788236,3.1178195719394117,2.7235214695069643,0.43513080316400776
https://comptox.epa.gov/dashboard/chemical/details/DTXSID1038666,Chlorpyrifos oxon,5598-15-2,C9H11Cl3NO4P,332.949128,215,756,28.0,Active,46.862287109116174,2.3431143554558087,29.567635935635384,1.4708166021334241
https://comptox.epa.gov/dashboard/chemical/details/DTXSID1040619,Bexarotene,153559-49-0,C24H28O2,348.208930,171,366,47.0,Active,77.03727731297869,3.8518638656489346,74.16921669586185,1.8702236924341862
https://comptox.epa.gov/dashboard/chemical/details/DTXSID1041502,"3-Methyl-4,6-di-tert-butylphenol",497-39-2,C15H24O,220.182715,260,445,58.0,Active,26.94562587942644,1.3472812939713221,70.63856390753702,1.8490418613881425
https://comptox.epa.gov/dashboard/chemical/details/DTXSID1042499,Triphenylbismuthine dichloride,594-30-9,C18H15BiCl2,510.035480,171,319,54.0,Active,27.163490575694393,1.3581745287847196,36.83703273737366,1.5662846400458403
https://comptox.epa.gov/dashboard/chemical/details/DTXSID1044487,Methyltrioctylammonium chloride,5137-55-3,C25H54ClN,403.394478,184,373,49.0,Active,108.48174663128886,5.424087331564443,50.25159849401343,1.70114988113905
https://comptox.epa.gov/dashboard/chemical/details/DTXSID1044514,Hexylparaben,1083-27-8,C13H18O3,222.125594,132,319,41.0,Active,34.947372737375474,1.7473686368687738,61.502149482972,1.788890294511686
https://comptox.epa.gov/dashboard/chemical/details/DTXSID1044936,"(2,4,6-Trioxo-1,3,5-triazinane-1,3,5-triyl)triethane-2,1-diyl trisprop-2-enoate",40220-08-4,C18H21N3O9,423.127779,135,319,42.0,Active,60.53851793312923,3.0269258966564614,29.424340982094147,1.4687067447169992
https://comptox.epa.gov/dashboard/chemical/details/DTXSID1045081,8-Quinolinol salicylic acid (1:1),2439-07-8,C16H13NO4,283.084458,15,234,6.0,Active,27.055703624756422,1.352785181237821,31.46810245812582,1.4978705555344085
https://comptox.epa.gov/dashboard/chemical/details/DTXSID1045661,Tesmilifene,98774-23-3,C19H25NO,283.193614,30,234,13.0,Active,79.1051720767186,3.9552586038359303,37.45827102245171,1.5735477275843932
https://comptox.epa.gov/dashboard/chemical/details/DTXSID1046552,Oxytocin acetate,6233-83-6,C45H70N12O14S2,1066.457587,3,78,4.0,Active,49.29686905447666,2.4648434527238328,29.683127919158068,1.4725096636707904
https://comptox.epa.gov/dashboard/chemical/details/DTXSID1046683,Deslorelin acetate,82318-06-7,C66H87N17O14,1341.661841,47,78,60.0,Active,54.14214352340743,2.7071071761703713,34.86082963519975,1.5423377184510207
https://comptox.epa.gov/dashboard/chemical/details/DTXSID1046970,"2-(2,6-Diisopropylphenyl)-5-hydroxy-1H-isoindole-1,3-dione",105624-86-0,C20H21NO3,323.152144,312,688,45.0,Active,61.986062451201946,3.099303122560097,0.5168343167014235,-0.286648657823978
https://comptox.epa.gov/dashboard/chemical/details/DTXSID1046922,Norgestimate,35189-28-7,C23H31NO3,369.230394,90,234,38.0,Active,81.8650376823231,4.093251884116155,0.9361834167789901,-0.028639056078864297
https://comptox.epa.gov/dashboard/chemical/details/DTXSID1047102,Dehydroabietylamine acetate,2026-24-6,C22H35NO2,345.266779,166,319,52.0,Active,75.56655635795198,3.778327817897599,74.15470262385136,1.870138697627777
https://comptox.epa.gov/dashboard/chemical/details/DTXSID1047366,SAR115740,NOCAS_47366,C24H17F2N3O,401.133969,312,628,50.0,Active,47.103698390792594,2.3551849195396297,55.08797017676385,1.7410567702445947
https://comptox.epa.gov/dashboard/chemical/details/DTXSID1047944,Trihexyltetradecylphosphonium chloride,258864-54-9,C32H68ClP,518.474717,149,234,64.0,Active,133.11191977837422,6.65559598891871,37.11635482605118,1.5695653178521694
https://comptox.epa.gov/dashboard/chemical/details/DTXSID1049271,"9,10-Dihydrobenzo[a]pyren-7(8H)-one",3331-46-2,C20H14O,270.104465,64,234,27.0,Active,81.4051032607156,4.07025516303578,56.33111390885276,1.7507483391935437
https://comptox.epa.gov/dashboard/chemical/details/DTXSID1049352,"1,3-Didecyl-2-methylimidazolium chloride",70862-65-6,C24H47ClN2,398.342777,145,234,62.0,Active,66.39874050674649,3.3199370253373246,43.02899283107437,1.6337611807786778
https://comptox.epa.gov/dashboard/chemical/details/DTXSID1049516,NTP Mix96 ER1 10-EQP,NOCAS_49516,, ,16,234,7.0,Active,32.98190194363391,1.6490950971816953,23.700757078758713,1.3747622190006452
https://comptox.epa.gov/dashboard/chemical/details/DTXSID1049514,NTP Mix118 ER1 5-EQP,NOCAS_49514,, ,19,234,8.0,Active,37.82531619430235,1.8912658097151176,22.624734067655783,1.3545834831864827
https://comptox.epa.gov/dashboard/chemical/details/DTXSID1049518,NTP Mix99 ER1 10-EQP,NOCAS_49518,, ,7,234,3.0,Active,29.682798790069384,1.4841399395034691,31.48321234103079,1.498079038515734
https://comptox.epa.gov/dashboard/chemical/details/DTXSID2020139,Benzo[a]pyrene,50-32-8,C20H12,252.093900,68,257,26.0,Active,70.60249857333207,3.5301249286666034,5.778538312294469,0.7618179970390307
https://comptox.epa.gov/dashboard/chemical/details/DTXSID2020345,Copper dimethyldithiocarbamate,137-29-1,C6H12CuN2S4,302.917931,116,234,50.0,Active,21.23970709303514,1.061985354651757,2.1884377353790136,0.3401341947389472
https://comptox.epa.gov/dashboard/chemical/details/DTXSID2020717,4-(Benzyloxyl)phenol,103-16-2,C13H12O2,200.083730,46,249,18.0,Active,52.66757676510551,2.6333788382552754,32.02942514594325,1.5055491441528912
https://comptox.epa.gov/dashboard/chemical/details/DTXSID2021577,"1,3-Dichloropropanone",534-07-6,C3H4Cl2O,125.963920,99,321,31.0,Active,32.5893663748099,1.629468318740495,71.64703656423892,1.8551982319920595
https://comptox.epa.gov/dashboard/chemical/details/DTXSID2022123,2-Hydroxyethyl acrylate,818-61-1,C5H8O3,116.047344,40,359,11.0,Active,36.10706672912683,1.8053533364563414,43.477124582404855,1.6382608137194863
https://comptox.epa.gov/dashboard/chemical/details/DTXSID2022127,4-Phenoxyphenol,831-82-3,C12H10O2,186.068080,45,319,14.0,Active,71.89700845101416,3.594850422550708,48.21688149518398,1.6831991182515176
https://comptox.epa.gov/dashboard/chemical/details/DTXSID2022381,Hexestrol,84-16-2,C18H22O2,270.161980,324,709,46.0,Active,100.87600177819125,5.043800088909562,0.00009936763687539167,-4.00275503828879
https://comptox.epa.gov/dashboard/chemical/details/DTXSID2022880,Danazol,17230-88-5,C22H27NO2,337.204179,193,468,41.0,Active,109.16070721544132,5.458035360772066,7.029808669673279,0.8469435049862697
https://comptox.epa.gov/dashboard/chemical/details/DTXSID2022967,Doxifluridine,3094-09-5,C9H11FN2O5,246.065200,21,234,9.0,Active,37.5968216323999,1.879841081619995,28.579477492503745,1.4560542844900555
https://comptox.epa.gov/dashboard/chemical/details/DTXSID2023016,Ethisterone,434-03-7,C21H28O2,312.208930,25,322,8.0,Active,94.97801643945193,4.7489008219725966,2.42248144610257,0.3842604594540189
https://comptox.epa.gov/dashboard/chemical/details/DTXSID2023276,Methandrostenolone,72-63-9,C20H28O2,300.208930,27,246,11.0,Active,94.31130159608495,4.715565079804247,0.6543761713401758,-0.18417252358473177
https://comptox.epa.gov/dashboard/chemical/details/DTXSID2023353,Nandrolone phenpropionate,62-90-8,C27H34O3,406.250795,22,246,9.0,Active,91.2605012245497,4.563025061227485,1.578429158018133,0.19822509495663834
https://comptox.epa.gov/dashboard/chemical/details/DTXSID2023642,Terfenadine,50679-08-8,C32H41NO2,471.313730,89,234,38.0,Active,34.136414947361395,1.7068207473680697,38.09462411622481,1.5808636926995596
https://comptox.epa.gov/dashboard/chemical/details/DTXSID2023644,Testolactone,968-93-4,C19H24O3,300.172545,4,78,5.0,Active,71.38077193302654,3.569038596651327,24.043883419877947,1.3810046135643195
https://comptox.epa.gov/dashboard/chemical/details/DTXSID2024585,Benzo(f)quinoline,85-02-9,C13H9N,179.073499,64,434,15.0,Active,43.63172326962804,2.181586163481402,38.500421749402385,1.585465486974344
https://comptox.epa.gov/dashboard/chemical/details/DTXSID2024458,2-Aminoanthracene,613-13-8,C14H11N,193.089149,68,319,21.0,Active,24.91615757965222,1.245807878982611,5.043941060331715,0.7027700030948871
https://comptox.epa.gov/dashboard/chemical/details/DTXSID2025139,Benzalkonium chloride C18 (BAC C18),122-19-0,C27H50ClN,423.363178,266,449,59.0,Active,78.8714315802873,3.943571579014365,71.45926840362829,1.8540585656042654
https://comptox.epa.gov/dashboard/chemical/details/DTXSID2025632,4-Methyl-2-nitroaniline,89-62-3,C7H8N2O2,152.058578,11,325,3.0,Active,26.958847792667637,1.3479423896333818,51.221628855338416,1.7094533849804665
https://comptox.epa.gov/dashboard/chemical/details/DTXSID2026076,Tannic acid,1401-55-4,, ,252,611,41.0,Active,49.68430429925657,2.4842152149628283,16.83185710017286,1.226132035397253
https://comptox.epa.gov/dashboard/chemical/details/DTXSID2025842,Pentaerythritol triacrylate,3524-68-3,C14H18O7,298.105253,270,436,62.0,Active,34.46558054662938,1.723279027331469,30.827089574481036,1.4889325243564766
https://comptox.epa.gov/dashboard/chemical/details/DTXSID2032005,4-Hydroxyphenyl retinamide,65646-68-6,C26H33NO2,391.251129,138,234,59.0,Active,24.67367697211382,1.2336838486056911,76.60273828935678,1.884244294472054
https://comptox.epa.gov/dashboard/chemical/details/DTXSID2032398,Fludioxonil,131341-86-1,C12H6F2N2O2,248.039734,227,735,31.0,Active,24.72553403388028,1.236276701694014,15.512206822224792,1.1906735865007785
https://comptox.epa.gov/dashboard/chemical/details/DTXSID2033736,Nelfinavir mesylate,159989-65-8,C33H51N3O8S2,681.311758,120,234,51.0,Active,50.03431793107891,2.5017158965539457,34.68119843756429,1.5400940964693473
https://comptox.epa.gov/dashboard/chemical/details/DTXSID2036112,2-(8-Heptadecenyl)-2-imidazoline-1-ethanol,95-38-5,C22H42N2O,350.329714,151,366,41.0,Active,63.67652809220059,3.1838264046100297,66.56862098353461,1.8232695603248923
https://comptox.epa.gov/dashboard/chemical/details/DTXSID2037186,4'-(Acridin-9-ylamino)-3'-methoxymethanesulfonanilide hydrochloride,54301-15-4,C21H20ClN3O3S,429.091390,44,78,56.0,Active,25.176275496458782,1.258813774822939,23.414070347712368,1.3694769188606237
https://comptox.epa.gov/dashboard/chemical/details/DTXSID2041206,alpha-Terthiophene,1081-34-1,C12H8S3,247.978814,76,334,23.0,Active,22.133625570919754,1.1066812785459876,36.24136703463103,1.5592045710246294
https://comptox.epa.gov/dashboard/chemical/details/DTXSID2041759,Quaternium 17,124-03-8,C20H44BrN,377.265713,282,453,62.0,Active,59.164365214829765,2.9582182607414884,76.06922177166194,1.8812089732156905
https://comptox.epa.gov/dashboard/chemical/details/DTXSID2042220,Nuarimol,63284-71-9,C17H12ClFN2O,314.062219,12,244,5.0,Active,24.42385144210897,1.2211925721054484,50.880856081341726,1.7065544097998508
https://comptox.epa.gov/dashboard/chemical/details/DTXSID2042224,o-(Chloromercuri)phenol,90-03-9,C6H5ClHgO,329.973535,47,78,60.0,Active,41.52125226975119,2.0760626134875593,15.314101885470699,1.1850915321500128
https://comptox.epa.gov/dashboard/chemical/details/DTXSID2043909,Amlodipine besylate,111470-99-6,C26H31ClN2O8S,566.148965,28,78,36.0,Active,34.20877681698312,1.710438840849156,18.641732429864636,1.2704862701300212
https://comptox.epa.gov/dashboard/chemical/details/DTXSID2044890,2-[(4-Hydroxyphenyl)methyl]phenol,2467-03-0,C13H12O2,200.083730,42,439,10.0,Active,56.331156885641114,2.816557844282056,31.981038603727093,1.5048925636173223
https://comptox.epa.gov/dashboard/chemical/details/DTXSID2045151,Egtazic Acid,67-42-5,C14H24N2O10,380.143095,4,234,2.0,Active,100.08265165491707,5.004132582745854,0.000155075994518863,-3.8094554249773154
https://comptox.epa.gov/dashboard/chemical/details/DTXSID2045367,Epitiostanol,2363-58-8,C19H30OS,306.201737,9,78,12.0,Active,139.51855248038686,6.975927624019343,0.8351279796478246,-0.07824696571894976
https://comptox.epa.gov/dashboard/chemical/details/DTXSID2046541,DL-Lipoamide,940-69-2,C8H15NOS2,205.059506,4,234,2.0,Active,107.07285789108299,5.35364289455415,0.4594835026671042,-0.3377300769422056
https://comptox.epa.gov/dashboard/chemical/details/DTXSID2046626,Trenbolone acetate,10161-34-9,C20H24O3,312.172545,12,78,15.0,Active,66.04246825572065,3.3021234127860324,3.789899909727032,0.578627740514976
https://comptox.epa.gov/dashboard/chemical/details/DTXSID2046670,Roxatidine acetate hydrochloride,93793-83-0,C19H29ClN2O4,384.181585,5,234,2.0,Active,111.19793657914143,5.559896828957071,0.04102733039843646,-1.386926741160002
https://comptox.epa.gov/dashboard/chemical/details/DTXSID2046674,Pimecrolimus,137071-32-0,C43H68ClNO11,809.448090,5,78,6.0,Active,47.43383178447999,2.3716915892239996,24.341346174075717,1.386344592785012
https://comptox.epa.gov/dashboard/chemical/details/DTXSID2046593,all-trans-Lycopene,502-65-8,C40H56,536.438202,10,78,13.0,Active,103.16680199841085,5.158340099920542,17.027841705965727,1.2311596042402915
https://comptox.epa.gov/dashboard/chemical/details/DTXSID2046597,Argipressin acetate,129979-57-3,C48H69N15O14S2,1143.458984,4,78,5.0,Active,114.3984238555781,5.719921192778905,15.82728961748791,1.1994065494200867
https://comptox.epa.gov/dashboard/chemical/details/DTXSID2046705,Agaric acid,666-99-9,C22H40O7,416.277404,53,234,23.0,Active,40.76984467824917,2.0384922339124585,22.06480358604678,1.3437000658473077
https://comptox.epa.gov/dashboard/chemical/details/DTXSID2047353,SSR 241586 HCl,NOCAS_47353,C32H43Cl3N4O3,636.240074,408,677,60.0,Active,27.674010918517787,1.3837005459258893,65.73509240200131,1.8177972777454794
https://comptox.epa.gov/dashboard/chemical/details/DTXSID2047569,2-Hydroxyfluorene,2443-58-5,C13H10O,182.073165,55,252,22.0,Active,42.27574968847977,2.1137874844239883,28.44055432557976,1.453938056832495
https://comptox.epa.gov/dashboard/chemical/details/DTXSID2048664,Noristerat,3836-23-5,C27H38O3,410.282095,26,78,33.0,Active,93.39885885592425,4.6699429427962125,0.5970956413822517,-0.2239560990251297
https://comptox.epa.gov/dashboard/chemical/details/DTXSID2048953,Estramustine phosphate sodium,52205-73-9,C23H30Cl2NNa2O6P,563.098319,16,78,21.0,Active,101.90743456086658,5.095371728043329,0.02633954904507394,-1.5793916647923254
https://comptox.epa.gov/dashboard/chemical/details/DTXSID2049391,Tributyltetradecylphosphonium dodecylbenzenesulfonate,817629-57-5,C44H85O3PS,724.595705,135,234,58.0,Active,98.27086911149806,4.913543455574903,64.9254607231153,1.8124150401464958
https://comptox.epa.gov/dashboard/chemical/details/DTXSID3020205,Benzyl butyl phthalate,85-68-7,C19H20O4,312.136159,94,700,13.0,Active,32.387000813796845,1.6193500406898422,25.157772416501146,1.4006721840685228
https://comptox.epa.gov/dashboard/chemical/details/DTXSID3020209,Butylparaben,94-26-8,C11H14O3,194.094294,102,657,16.0,Active,34.66016929680856,1.733008464840428,20.23149757294697,1.3060280312431267
https://comptox.epa.gov/dashboard/chemical/details/DTXSID3020257,"1,​2-​Benzenediol",120-80-9,C6H6O2,110.036779,117,593,20.0,Active,114.55192295920226,5.727596147960113,67.51610177076671,1.8294073591460538
https://comptox.epa.gov/dashboard/chemical/details/DTXSID3020380,Dehydroepiandrosterone 3-acetate,853-23-6,C21H30O3,330.219495,47,246,19.0,Active,121.21908277657376,6.060954138828688,0.5423292379943243,-0.2657369812969681
https://comptox.epa.gov/dashboard/chemical/details/DTXSID3020465,Diethylstilbestrol,56-53-1,C18H20O2,268.146330,394,806,49.0,Active,95.0267815170815,4.751339075854075,0.0010124770561836024,-2.9946148095807072
https://comptox.epa.gov/dashboard/chemical/details/DTXSID3021069,Norethynodrel,68-23-5,C20H26O2,298.193280,13,93,14.0,Active,112.10894118470426,5.605447059235213,0.012303888454019083,-1.9099576148007378
https://comptox.epa.gov/dashboard/chemical/details/DTXSID3021770,"2,2',6,6'-Tetrachlorobisphenol A",79-95-8,C15H12Cl4O2,363.959140,235,554,42.0,Active,57.27290203507172,2.863645101753586,48.218268344095094,1.6832116095647032
https://comptox.epa.gov/dashboard/chemical/details/DTXSID3022160,4-Hydroxyazobenzene,1689-82-3,C12H10N2O,198.079313,87,246,35.0,Active,41.107654100231464,2.0553827050115734,24.12179414455192,1.382409606871949
https://comptox.epa.gov/dashboard/chemical/details/DTXSID3022320,Triphenylethylene,58-72-0,C20H16,256.125201,59,426,14.0,Active,38.685970802642046,1.9342985401321022,2.3817829599189,0.37690218384527463
https://comptox.epa.gov/dashboard/chemical/details/DTXSID3022536,4-Cumylphenol,599-64-4,C15H16O,212.120115,287,711,40.0,Active,40.59677509312796,2.029838754656398,4.725605545516311,0.6744574674962707
https://comptox.epa.gov/dashboard/chemical/details/DTXSID3022409,"4,4'-Sulfonyldiphenol",80-09-1,C12H10O4S,250.029980,52,417,12.0,Active,64.70555420066373,3.2352777100331864,8.688502591956958,0.9389449350118488
https://comptox.epa.gov/dashboard/chemical/details/DTXSID3022742,Carubicin,50935-04-1,C26H27NO10,513.163496,46,78,59.0,Active,26.628645040599512,1.3314322520299755,3.130938548702866,0.4956745437519669
https://comptox.epa.gov/dashboard/chemical/details/DTXSID3023001,Estradiol enanthate,4956-37-0,C25H36O3,384.266445,12,78,15.0,Active,111.19233063919373,5.559616531959686,0.0008993830449512393,-3.046055303952338
https://comptox.epa.gov/dashboard/chemical/details/DTXSID3023005,Estropipate,7280-37-7,C22H32N2O5S,436.203193,4,78,5.0,Active,104.11111870839812,5.205555935419906,0.06583352212533274,-1.1815529093211428
https://comptox.epa.gov/dashboard/chemical/details/DTXSID3023764,Benzo[e]pyrene,192-97-2,C20H12,252.093900,54,460,12.0,Active,24.440955575129063,1.2220477787564532,65.57560417616001,1.816742300622111
https://comptox.epa.gov/dashboard/chemical/details/DTXSID3024104,Fluoranthene,206-44-0,C16H10,202.078250,83,631,13.0,Active,27.30077444235754,1.365038722117877,47.753243875424424,1.679002878523869
https://comptox.epa.gov/dashboard/chemical/details/DTXSID3025257,Ethacrynic acid,58-54-8,C13H12Cl2O4,302.011264,92,234,39.0,Active,22.1892202262351,1.1094610113117551,75.82680923242155,1.8798227813998878
https://comptox.epa.gov/dashboard/chemical/details/DTXSID3025540,Thimerosal,54-64-8,C9H9HgNaO2S,405.992738,186,322,58.0,Active,39.91904933664472,1.995952466832236,10.477987673067908,1.020277883182195
https://comptox.epa.gov/dashboard/chemical/details/DTXSID3027403,Tributyltin chloride,1461-22-9,C12H27ClSn,326.082331,544,817,67.0,Active,54.995101940965085,2.7497550970482543,19.404516817323298,1.287902833049606
https://comptox.epa.gov/dashboard/chemical/details/DTXSID3030636,Doxorubicin hydrochloride,25316-40-9,C27H30ClNO11,579.150738,166,406,41.0,Active,22.886119291779206,1.1443059645889604,0.15432816192988816,-0.8115548162909672
https://comptox.epa.gov/dashboard/chemical/details/DTXSID3032549,Fenhexamid,126833-17-8,C14H17Cl2NO2,301.063634,101,686,15.0,Active,30.57777384007053,1.5288886920035265,66.48786323610486,1.8227423759701866
https://comptox.epa.gov/dashboard/chemical/details/DTXSID3032751,"1,3-Diiminobenz(f)isoindoline",65558-69-2,C12H9N3,195.079647,133,237,56.0,Active,25.881396294687327,1.2940698147343663,39.99999999999999,1.6020599913279623
https://comptox.epa.gov/dashboard/chemical/details/DTXSID3034113,4-Hydroxyandrostenedione,566-48-3,C19H26O3,302.188195,36,338,11.0,Active,28.030672186650026,1.4015336093325013,31.63894206145024,1.5002219531898648
https://comptox.epa.gov/dashboard/chemical/details/DTXSID3036496,Levonorgestrel,797-63-7,C21H28O2,312.208930,80,660,12.0,Active,118.40999216342577,5.920499608171289,0.8823298115299208,-0.05436904689338888
https://comptox.epa.gov/dashboard/chemical/details/DTXSID3038939,Perfluorooctanesulfonamide,754-91-6,C8H2F17NO2S,498.953478,322,693,46.0,Active,24.86378575451266,1.243189287725633,49.12983047043595,1.6913452655416767
https://comptox.epa.gov/dashboard/chemical/details/DTXSID3040770,"(Z,E)-Diethylstilbestrol",6898-97-1,C18H20O2,268.146330,46,246,19.0,Active,89.01553532344202,4.450776766172101,0.0019567217238763606,-2.7084709333497528
https://comptox.epa.gov/dashboard/chemical/details/DTXSID3042500,Triphenyltin fluoride,379-52-2,C18H15FSn,370.017981,185,319,58.0,Active,64.83268223245874,3.241634111622937,36.188612164064985,1.55857192820227
https://comptox.epa.gov/dashboard/chemical/details/DTXSID3046532,p-Phenylene bis(isothiocyanate),4044-65-9,C8H4N2S2,191.981590,4,78,5.0,Active,92.01547810298628,4.600773905149314,20.390235522836342,1.3094222422409865
https://comptox.epa.gov/dashboard/chemical/details/DTXSID3046588,Bismuth subgallate,99-26-3,C7H5BiO6,393.989010,7,78,9.0,Active,108.65035685365125,5.432517842682563,0.020278219177401025,-1.6929701871782896
https://comptox.epa.gov/dashboard/chemical/details/DTXSID3046879,Oxabolone cipioncate,1254-35-9,C26H38O4,414.277010,7,78,9.0,Active,116.47207486495495,5.823603743247747,1.3284008978947721,0.12332916047543906
https://comptox.epa.gov/dashboard/chemical/details/DTXSID3046792,Cinacalcet hydrochloride,364782-34-3,C22H23ClF3N,393.147112,145,234,62.0,Active,35.58790306807846,1.779395153403923,37.45154002486352,1.573469680795134
https://comptox.epa.gov/dashboard/chemical/details/DTXSID3046906,Diethylstilbestrol diphosphate,522-40-7,C18H22O8P2,428.078992,4,78,5.0,Active,86.56626474777673,4.328313237388836,0.07845895244575646,-1.105357494703355
https://comptox.epa.gov/dashboard/chemical/details/DTXSID3047132,3-(Methylthio)propyl isothiocyanate,505-79-3,C5H9NS2,147.017642,25,237,11.0,Active,35.120113921207334,1.7560056960603667,74.32417228930287,1.8711300813860237
https://comptox.epa.gov/dashboard/chemical/details/DTXSID3047477,dl-Norgestrel,6533-00-2,C21H28O2,312.208930,74,385,19.0,Active,76.07613915822465,3.8038069579112324,2.403640721371079,0.38086955302007786
https://comptox.epa.gov/dashboard/chemical/details/DTXSID3047843,Diphenoxylate hydrochloride,3810-80-8,C30H33ClN2O2,488.223056,53,246,22.0,Active,25.21843155428973,1.2609215777144864,72.19793568930625,1.8585247802350144
https://comptox.epa.gov/dashboard/chemical/details/DTXSID3047891,Bisphenol E,2081-08-5,C14H14O2,214.099380,50,316,16.0,Active,51.46699996344629,2.5733499981723145,3.4723724003577083,0.5406262956368056
https://comptox.epa.gov/dashboard/chemical/details/DTXSID3047893,"4,4'-Octahydro-1H-4,7-methanoindene-5,5-diyldiphenol",1943-97-1,C22H24O2,320.177630,120,234,51.0,Active,34.995453476183926,1.7497726738091963,60.12068875098889,1.7790239472814788
https://comptox.epa.gov/dashboard/chemical/details/DTXSID3047895,Menthyl anthranilate,134-09-8,C17H25NO2,275.188529,110,234,47.0,Active,73.24888720412747,3.6624443602063734,7.113301376794475,0.8520712093032317
https://comptox.epa.gov/dashboard/chemical/details/DTXSID3047974,"2,3',4,4'-Tetrahydroxybenzophenone",61445-50-9,C13H10O5,246.052823,63,234,27.0,Active,85.34612657930812,4.267306328965406,3.609304405188906,0.5574235115742691
https://comptox.epa.gov/dashboard/chemical/details/DTXSID3048738,"1,1'-Tetramethylenediguanidine sulfate",36587-93-6,, ,4,78,5.0,Active,98.95692229457623,4.9478461147288115,6.907320730397582,0.8393096222444429
https://comptox.epa.gov/dashboard/chemical/details/DTXSID3048942,3beta-Acetoxy-5-pregnene-20-one,1778-02-5,C23H34O3,358.250795,4,78,5.0,Active,98.24325710312475,4.912162855156238,20.91465828310467,1.3204507731970994
https://comptox.epa.gov/dashboard/chemical/details/DTXSID3048863,Altrenogest,850-52-2,C21H26O2,310.193280,52,261,20.0,Active,53.92348037610816,2.696174018805408,2.241182725690888,0.3504772664075074
https://comptox.epa.gov/dashboard/chemical/details/DTXSID3049209,9-Cyanoanthracene,1210-12-4,C15H9N,203.073499,46,234,20.0,Active,62.02474293184052,3.101237146592026,9.401056712811883,0.9731766726156349
https://comptox.epa.gov/dashboard/chemical/details/DTXSID3049205,1-Butyl-4-methylpyridinium chloride,112400-86-9,C10H16ClN,185.097127,115,234,49.0,Active,71.97072777795826,3.598536388897913,2.8077960719469206,0.4483655621314581
https://comptox.epa.gov/dashboard/chemical/details/DTXSID3049540,NTP Mix85 ER AR1 18-EQP,NOCAS_49540,, ,21,234,9.0,Active,61.13691004329682,3.0568455021648413,23.408659777597872,1.3693765496276105
https://comptox.epa.gov/dashboard/chemical/details/DTXSID3049548,NTP Mix93 ER AR1 18-GP,NOCAS_49548,, ,18,234,8.0,Active,33.399051630457265,1.6699525815228633,35.05260760692475,1.544720331209224
https://comptox.epa.gov/dashboard/chemical/details/DTXSID4020038,Alclofenac,22131-79-9,C11H11ClO3,226.039672,6,78,8.0,Active,114.69270529433729,5.734635264716864,7.469569329802463,0.8732955625808354
https://comptox.epa.gov/dashboard/chemical/details/DTXSID4020115,Auranofin,34031-32-8,C20H34AuO9PS,678.132685,48,78,62.0,Active,28.38196935886607,1.4190984679433034,16.476663521777972,1.2168692728476527
https://comptox.epa.gov/dashboard/chemical/details/DTXSID4020379,Dehydroepiandrosterone,53-43-0,C19H28O2,288.208930,75,412,18.0,Active,126.30222107195934,6.315111053597967,0.5987233647165056,-0.22277379351716076
https://comptox.epa.gov/dashboard/chemical/details/DTXSID4020614,Ethynodiol diacetate,297-76-7,C24H32O4,384.230060,64,237,27.0,Active,91.43885160857582,4.571942580428791,0.00802324989510183,-2.095649680890658
https://comptox.epa.gov/dashboard/chemical/details/DTXSID4020749,Isobutylparaben,4247-02-3,C11H14O3,194.094294,34,234,15.0,Active,57.28399478600435,2.8641997393002177,31.409275294785466,1.4970579160512716
https://comptox.epa.gov/dashboard/chemical/details/DTXSID4020870,"2,2'-Methylenebis(4-methyl-6-tert-butylphenol)",119-47-1,C23H32O2,340.240230,202,364,55.0,Active,140.2307871155303,7.011539355776515,41.88653888946415,1.6220744758229524
https://comptox.epa.gov/dashboard/chemical/details/DTXSID4020826,3-Methoxycatechol,934-00-9,C7H8O3,140.047344,49,234,21.0,Active,27.941325490189875,1.3970662745094937,64.065746465667,1.8066258907186945
https://comptox.epa.gov/dashboard/chemical/details/DTXSID4021218,Quercetin,117-39-5,C15H10O7,302.042653,176,641,27.0,Active,52.76764402452793,2.6383822012263964,14.817939873199231,1.1707878282118953
https://comptox.epa.gov/dashboard/chemical/details/DTXSID4021341,"4,4'-Thiobis(6-tert-butyl-m-cresol)",96-69-5,C22H30O2S,358.196651,148,234,63.0,Active,127.64211667142709,6.382105833571354,63.056061205368465,1.7997268390696897
https://comptox.epa.gov/dashboard/chemical/details/DTXSID4021478,Lynestrenol,52-76-6,C20H28O,284.214016,273,463,59.0,Active,85.84839298234107,4.292419649117053,0.08142144050772031,-1.0892612183528372
https://comptox.epa.gov/dashboard/chemical/details/DTXSID4022311,Formononetin,485-72-3,C16H12O4,268.073559,31,326,10.0,Active,43.914631213162735,2.1957315606581367,5.520289237470573,0.7419618333354618
https://comptox.epa.gov/dashboard/chemical/details/DTXSID4022315,Zearalanol,26538-44-3,C18H26O5,322.178024,67,246,27.0,Active,87.1822162827564,4.35911081413782,0.3661527340135607,-0.43633771869613225
https://comptox.epa.gov/dashboard/chemical/details/DTXSID4022525,2-Ethylhexyl p-hydroxybenzoate,5153-25-3,C15H22O3,250.156895,184,428,43.0,Active,24.60835930904988,1.230417965452494,26.093577491982344,1.4165336259961636
https://comptox.epa.gov/dashboard/chemical/details/DTXSID4022523,Heptyl p-hydroxybenzoate,1085-12-7,C14H20O3,236.141245,125,362,35.0,Active,35.45101505935036,1.772550752967518,63.29503342687687,1.8013696335572593
https://comptox.epa.gov/dashboard/chemical/details/DTXSID4022527,Propylparaben,94-13-3,C10H12O3,180.078644,89,640,14.0,Active,54.765769853586484,2.7382884926793243,42.04766875836872,1.6237419222875018
https://comptox.epa.gov/dashboard/chemical/details/DTXSID4022783,Cephalothin,153-61-7,C16H16N2O6S2,396.044979,6,234,3.0,Active,94.37014079522329,4.718507039761165,8.474314059291872,0.9281045549788751
https://comptox.epa.gov/dashboard/chemical/details/DTXSID4022367,Estrone,53-16-7,C18H22O2,270.161980,120,674,18.0,Active,104.4715596086976,5.2235779804348805,0.0013274339962488788,-2.876987064052549
https://comptox.epa.gov/dashboard/chemical/details/DTXSID4023094,Gestrinone,16320-04-0,C21H24O2,308.177630,47,246,19.0,Active,90.04180502526742,4.502090251263371,0.26260140540900245,-0.5807029539520181
https://comptox.epa.gov/dashboard/chemical/details/DTXSID4022999,Estradiol cypionate,313-06-4,C26H36O3,396.266445,110,334,33.0,Active,110.19575040537441,5.509787520268721,0.0006283000599642301,-3.2018328988354963
https://comptox.epa.gov/dashboard/chemical/details/DTXSID4023549,Quinidine,56-54-2,C20H24N2O2,324.183778,23,234,10.0,Active,111.38624762782575,5.5693123813912875,3.332306953016622,0.5227449992957792
https://comptox.epa.gov/dashboard/chemical/details/DTXSID4023381,Norethindrone acetate,51-98-9,C22H28O3,340.203845,16,78,21.0,Active,83.0434167895922,4.15217083947961,0.49153250954974387,-0.30844775300752714
https://comptox.epa.gov/dashboard/chemical/details/DTXSID4027608,Terbutylazine,5915-41-3,C9H16ClN5,229.109423,41,593,7.0,Active,54.63717336707364,2.731858668353682,54.390453772143076,1.735522682089959
https://comptox.epa.gov/dashboard/chemical/details/DTXSID4028460,Benzyl-C12-18-alkyldimethylammonium chlorides,68391-01-5,, ,143,234,61.0,Active,47.312530304747575,2.3656265152373788,39.39712833171056,1.5954645671265029
https://comptox.epa.gov/dashboard/chemical/details/DTXSID4031980,Resveratrol,501-36-0,C14H12O3,228.078644,113,475,24.0,Active,70.89395995371541,3.5446979976857707,12.626409068396523,1.1012798554229415
https://comptox.epa.gov/dashboard/chemical/details/DTXSID4035708,Methylbenzethonium chloride,25155-18-4,C28H44ClNO2,461.306057,198,385,51.0,Active,77.63884439049798,3.881942219524899,64.36535338335966,1.8086521579901522
https://comptox.epa.gov/dashboard/chemical/details/DTXSID4035542,"N,N-Dimethyl-N-(3-(trimethoxysilyl)propyl) octadecan-1-aminium chloride",27668-52-6,C26H58ClNO3Si,495.387449,6,78,8.0,Active,24.703480753534027,1.2351740376767013,28.12903874852517,1.4491548913068937
https://comptox.epa.gov/dashboard/chemical/details/DTXSID4036514,5alpha-Androstan-3beta-ol,1224-92-6,C19H32O,276.245316,14,234,6.0,Active,118.00863318600894,5.900431659300446,18.53439968183771,1.267978524053879
https://comptox.epa.gov/dashboard/chemical/details/DTXSID4040268,Dinobuton,973-21-7,C14H18N2O7,326.111401,230,444,52.0,Active,23.600085044517254,1.1800042522258627,44.57223337904701,1.649064395806958
https://comptox.epa.gov/dashboard/chemical/details/DTXSID4040713,Octyl gallate,1034-01-1,C15H22O5,282.146724,336,701,48.0,Active,28.284675487805327,1.4142337743902664,74.18038458024625,1.8702890805515808
https://comptox.epa.gov/dashboard/chemical/details/DTXSID4041367,"2,4-Dinitrophenyl thiocyanate",1594-56-5,C7H3N3O4S,224.984427,151,319,47.0,Active,23.557449908728472,1.1778724954364237,39.7061449947755,1.5988577241636783
https://comptox.epa.gov/dashboard/chemical/details/DTXSID4041600,Amiprofos-methyl,36001-88-4,C11H17N2O4PS,304.064665,27,249,11.0,Active,51.69177393280353,2.5845886966401763,18.976065700365275,1.2782061753338683
https://comptox.epa.gov/dashboard/chemical/details/DTXSID4042123,Mercury(II) acetate,1600-27-7,C4H6HgO4,319.997252,157,237,66.0,Active,74.84405406185984,3.7422027030929916,53.41754504807143,1.7276839249325462
https://comptox.epa.gov/dashboard/chemical/details/DTXSID4042129,Phenylmercuric chloride,100-56-1,C6H5ClHg,313.978621,153,237,65.0,Active,53.76551879624943,2.6882759398124714,25.381288622629246,1.4045136676991994
https://comptox.epa.gov/dashboard/chemical/details/DTXSID4041997,Furazolidone,67-45-8,C8H7N3O5,225.038570,21,237,9.0,Active,89.52981828539853,4.4764909142699265,1.2551909835499937,0.09870981090986473
https://comptox.epa.gov/dashboard/chemical/details/DTXSID4044379,Gold trichloride,13453-07-1,AuCl3,301.873127,123,319,39.0,Active,30.711860688894053,1.5355930344447026,69.56000899341107,1.8423596294805966
https://comptox.epa.gov/dashboard/chemical/details/DTXSID4043777,Proflavin hemisulfate,1811-28-5,C26H24N6O4S,516.157974,113,249,45.0,Active,36.20977390899417,1.8104886954497086,20.000000000000007,1.3010299956639813
https://comptox.epa.gov/dashboard/chemical/details/DTXSID4045638,Suloctidil,54767-75-8,C20H35NOS,337.243936,140,234,60.0,Active,78.74720086728225,3.9373600433641123,36.03702484564143,1.5567489291867214
https://comptox.epa.gov/dashboard/chemical/details/DTXSID4046024,Clopidogrel hydrogen sulfate,135046-48-9,C16H18ClNO6S2,419.026407,18,246,7.0,Active,31.900988455158576,1.5950494227579288,12.936461778808098,1.1118155097128781
https://comptox.epa.gov/dashboard/chemical/details/DTXSID4045846,Tyrothricin,1404-88-2,, ,47,78,60.0,Active,60.417669666017616,3.0208834833008806,23.398092298965373,1.3691804498115756
https://comptox.epa.gov/dashboard/chemical/details/DTXSID4046078,Metipranolol,22664-55-7,C17H27NO4,309.194008,7,78,9.0,Active,106.49696067846547,5.324848033923273,21.4111976916538,1.3306409613779504
https://comptox.epa.gov/dashboard/chemical/details/DTXSID4046608,Oxeladin citrate,52432-72-1,C26H41NO10,527.273047,9,78,12.0,Active,86.86562530700016,4.343281265350008,22.99610512251622,1.3616542852767886
https://comptox.epa.gov/dashboard/chemical/details/DTXSID4046521,Actinoquinol,15301-40-3,C11H11NO4S,253.040879,3,78,4.0,Active,41.42126105122147,2.0710630525610734,27.148925077559277,1.4337526390030926
https://comptox.epa.gov/dashboard/chemical/details/DTXSID4046571,4-Ethylbenzenesulfonic acid,98-69-1,C8H10O3S,186.035065,4,78,5.0,Active,98.66629290521843,4.933314645260921,6.103064665340383,0.7855479715708347
https://comptox.epa.gov/dashboard/chemical/details/DTXSID4047381,AVE8923,NOCAS_47381,C21H27BrClFN2O2S,504.064918,331,650,51.0,Active,54.13892793832594,2.706946396916297,65.39651786297804,1.8155546242699128
https://comptox.epa.gov/dashboard/chemical/details/DTXSID4047880,3-Hydroxybenzophenone,13020-57-0,C13H10O2,198.068080,15,234,6.0,Active,69.4738446919747,3.4736922345987353,30.753093133524764,1.487888803469598
https://comptox.epa.gov/dashboard/chemical/details/DTXSID4047886,"4′-Hydroxy-2,4-dimethoxybenzophenone",41351-30-8,C15H14O4,258.089209,17,234,7.0,Active,37.70038598814495,1.8850192994072477,32.05963139217161,1.5059585247160006
https://comptox.epa.gov/dashboard/chemical/details/DTXSID4047882,Phenylparaben,17696-62-7,C13H10O3,214.062994,58,397,15.0,Active,40.55445665006801,2.0277228325034007,39.674962634706986,1.5985165264149586
https://comptox.epa.gov/dashboard/chemical/details/DTXSID4048513,PharmaGSID_48513,825643-57-0,C30H30F7N3O3,613.217539,321,609,53.0,Active,25.617268093211504,1.2808634046605751,57.43078787162787,1.7591447742465744
https://comptox.epa.gov/dashboard/chemical/details/DTXSID4048858,Pyrantel tartrate,33401-94-4,C15H20N2O6S,356.104208,3,234,1.0,Active,34.228167498359966,1.7114083749179982,28.904163889424296,1.4609604110589565
https://comptox.epa.gov/dashboard/chemical/details/DTXSID4048985,beta-Estradiol 17-propionate,3758-34-7,C21H28O3,328.203845,24,78,31.0,Active,112.03059544668236,5.601529772334118,0.0007192659380364185,-3.143110505906765
https://comptox.epa.gov/dashboard/chemical/details/DTXSID4049327,2-Hydroxyanthraquinone,605-32-3,C14H8O3,224.047344,36,234,15.0,Active,93.34528132632337,4.667264066316169,16.280117252481503,1.2116575284353894
https://comptox.epa.gov/dashboard/chemical/details/DTXSID4049298,1-Hexadecyl-3-methylimidazolium bis(trifluoromethylsulfonyl)imide,404001-50-9,C22H39F6N3O4S2,587.228618,145,234,62.0,Active,38.82567792438114,1.941283896219057,54.572335628176255,1.736972541445267
https://comptox.epa.gov/dashboard/chemical/details/DTXSID4049373,tert-Butyl-3-aminobenzoate,92146-82-2,C11H15NO2,193.110279,5,234,2.0,Active,55.058577459155146,2.7529288729577575,48.44719599434889,1.685268646207807
https://comptox.epa.gov/dashboard/chemical/details/DTXSID4049533,NTP Mix113 ER1 10-GP,NOCAS_49533,, ,8,234,3.0,Active,34.791019238222745,1.7395509619111373,28.741690963144713,1.4585123154460709
https://comptox.epa.gov/dashboard/chemical/details/DTXSID4049535,NTP Mix115 ER1 10-GP,NOCAS_49535,, ,9,234,4.0,Active,42.908412687096416,2.1454206343548208,26.035755511160048,1.4155701846453632
https://comptox.epa.gov/dashboard/chemical/details/DTXSID4049537,NTP Mix82 ER AR1 18-EQP,NOCAS_49537,, ,19,234,8.0,Active,31.984248833994243,1.5992124416997122,31.12558192321926,1.4931174797401148
https://comptox.epa.gov/dashboard/chemical/details/DTXSID4049539,NTP Mix84 ER AR1 18-EQP,NOCAS_49539,, ,20,234,9.0,Active,61.15491219058058,3.057745609529029,27.085186775777313,1.4327318347694376
https://comptox.epa.gov/dashboard/chemical/details/DTXSID5020520,"2,2-Dimethylvinyl chloride",513-37-1,C4H7Cl,90.023628,4,321,1.0,Active,30.52593214709566,1.526296607354783,41.205578100305694,1.614956011523484
https://comptox.epa.gov/dashboard/chemical/details/DTXSID5020576,17alpha-Ethinylestradiol,57-63-6,C20H24O2,296.177630,218,721,30.0,Active,111.66644067188096,5.583322033594048,0.0009492843286119992,-3.022603688676245
https://comptox.epa.gov/dashboard/chemical/details/DTXSID5020813,Methylmercuric(II) chloride,115-09-3,CH3ClHg,251.962971,160,294,54.0,Active,35.668353272826764,1.7834176636413381,43.552955969554425,1.6390176362139526
https://comptox.epa.gov/dashboard/chemical/details/DTXSID5020782,"1-(2,4-Dichlorobenzyl)-1H-indazole-3-carboxylic acid",50264-69-2,C15H10Cl2N2O2,320.011933,22,234,9.0,Active,40.11335760384726,2.0056678801923633,28.803475695357147,1.4594448969341287
https://comptox.epa.gov/dashboard/chemical/details/DTXSID5020861,4-Methylcatechol,452-86-8,C7H8O2,124.052429,68,234,29.0,Active,42.59070862948287,2.1295354314741433,56.84459264402817,1.7546891586182645
https://comptox.epa.gov/dashboard/chemical/details/DTXSID5021201,Gallic acid n-propyl ester,121-79-9,C10H12O5,212.068473,106,606,17.0,Active,65.44093727857441,3.2720468639287206,33.21672679967453,1.5213568345308888
https://comptox.epa.gov/dashboard/chemical/details/DTXSID5021463,Zinc diethyldithiocarbamate,14324-55-1,C10H20N2S4Zn,359.980075,133,234,57.0,Active,74.70109215784042,3.735054607892021,39.405349813990036,1.5955551872309466
https://comptox.epa.gov/dashboard/chemical/details/DTXSID5021881,Ethylenediamine,107-15-3,C2H8N2,60.068748,6,316,2.0,Active,108.46362361321138,5.423181180660569,0.6990162762299039,-0.15551271181578125
https://comptox.epa.gov/dashboard/chemical/details/DTXSID5022437,Nordihydroguaiaretic acid,500-38-9,C18H22O4,302.151809,144,382,38.0,Active,24.368299715342634,1.2184149857671316,65.39693210714192,1.8155573752326646
https://comptox.epa.gov/dashboard/chemical/details/DTXSID5022308,Genistein,446-72-0,C15H10O5,270.052823,180,660,27.0,Active,74.92301857630598,3.746150928815299,8.110121787584262,0.9090273759471211
https://comptox.epa.gov/dashboard/chemical/details/DTXSID5022562,Afloqualone,56287-74-2,C16H14FN3O,283.112090,6,78,8.0,Active,44.633752509053416,2.231687625452671,28.911756521916338,1.4610744778554343
https://comptox.epa.gov/dashboard/chemical/details/DTXSID5023794,Oxymetholone,434-07-1,C21H32O3,332.235145,113,246,46.0,Active,108.24045922472918,5.412022961236459,0.919529690564553,-0.03643424332620364
https://comptox.epa.gov/dashboard/chemical/details/DTXSID5023667,Tibolone,5630-53-5,C21H28O2,312.208930,27,234,12.0,Active,86.02516960133372,4.301258480066686,0.02077842139004845,-1.6823874504089378
https://comptox.epa.gov/dashboard/chemical/details/DTXSID5023902,Benz(a)anthracene,56-55-3,C18H12,228.093900,157,653,24.0,Active,32.96663075311925,1.6483315376559624,52.96371717857571,1.7239784578042263
https://comptox.epa.gov/dashboard/chemical/details/DTXSID5023954,Technical chlordane,12789-03-6,, ,118,237,50.0,Active,24.51862243032422,1.225931121516211,61.180723977084114,1.7866146118672332
https://comptox.epa.gov/dashboard/chemical/details/DTXSID5024059,"3,3'-Dimethylbenzidine",119-93-7,C14H16N2,212.131349,85,631,13.0,Active,40.1154391977232,2.00577195988616,38.02645301459787,1.5800858177063821
https://comptox.epa.gov/dashboard/chemical/details/DTXSID5024269,Potassium silver cyanide,506-61-6,C2AgKN2,197.874940,150,234,64.0,Active,59.03970056063059,2.9519850280315296,28.28993678899969,1.4516319770710133
https://comptox.epa.gov/dashboard/chemical/details/DTXSID5025231,Emodin,518-82-1,C15H10O5,270.052823,99,324,31.0,Active,90.67027626785759,4.533513813392879,8.194766563883183,0.9135365867702943
https://comptox.epa.gov/dashboard/chemical/details/DTXSID5025998,Retinal,116-31-4,C20H28O,284.214016,139,234,59.0,Active,34.74244540122247,1.7371222700611235,15.30757549802104,1.1849064100834736
https://comptox.epa.gov/dashboard/chemical/details/DTXSID5027061,2-Naphthalenol,135-19-3,C10H8O,144.057515,98,616,16.0,Active,39.87614380570744,1.9938071902853722,61.69333331045467,1.7902382359471412
https://comptox.epa.gov/dashboard/chemical/details/DTXSID5029055,"4-Nonylphenol, branched",84852-15-3,, ,332,783,42.0,Active,69.11980898914962,3.455990449457481,2.988167223679181,0.4754048977916123
https://comptox.epa.gov/dashboard/chemical/details/DTXSID5033468,Domiphen bromide,538-71-6,C22H40BrNO,413.229328,145,234,62.0,Active,52.78023863192184,2.639011931596092,75.43906875654196,1.8775963186954523
https://comptox.epa.gov/dashboard/chemical/details/DTXSID5036684,4-Hydroxybenzophenone,1137-42-4,C13H10O2,198.068080,22,240,9.0,Active,65.37473374230595,3.2687366871152976,33.513347029596,1.525217803660262
https://comptox.epa.gov/dashboard/chemical/details/DTXSID5037028,Hexadecyltrimethylammonium bromide,57-09-0,C19H42BrN,363.250063,193,368,52.0,Active,44.842593441602126,2.2421296720801065,7.174528226844993,0.8557933485817547
https://comptox.epa.gov/dashboard/chemical/details/DTXSID5034981,Tributyltin benzoate,4342-36-3,C19H32O2Sn,412.142432,207,363,57.0,Active,43.82533803586928,2.191266901793464,7.650547347373625,0.8836925072373483
https://comptox.epa.gov/dashboard/chemical/details/DTXSID5037577,Moxidectin,113507-06-5,C37H53NO8,639.377118,37,78,47.0,Active,39.176935664081924,1.958846783204096,38.0119550937861,1.579920207530142
https://comptox.epa.gov/dashboard/chemical/details/DTXSID5037731,"4,4'-(9H-Fluorene-9,9-diyl)diphenol",3236-71-3,C25H18O2,350.130680,265,437,61.0,Active,22.652195151566584,1.1326097575783292,56.786745366593244,1.754246978564888
https://comptox.epa.gov/dashboard/chemical/details/DTXSID5037739,4-Anilinophenol,122-37-2,C12H11NO,185.084064,109,444,25.0,Active,35.224348565856054,1.7612174282928028,67.69153579309992,1.8305343675305905
https://comptox.epa.gov/dashboard/chemical/details/DTXSID5038888,Basic Blue 7,2390-60-5,C33H40ClN3,513.291076,315,494,64.0,Active,48.53612267827637,2.4268061339138187,72.36808488685632,1.859547079824125
https://comptox.epa.gov/dashboard/chemical/details/DTXSID5040413,alpha-Tomatine,17406-45-0,C50H83NO21,1033.545759,45,78,58.0,Active,29.398585421592752,1.4699292710796377,22.61601064835915,1.3544159999615892
https://comptox.epa.gov/dashboard/chemical/details/DTXSID5041306,"2,2',4,4'-Tetrahydroxybenzophenone",131-55-5,C13H10O5,246.052823,141,726,19.0,Active,87.97232179059154,4.398616089529577,15.634672268483486,1.1940887820624233
https://comptox.epa.gov/dashboard/chemical/details/DTXSID5042249,Phenylarsine oxide,637-03-6,C6H5AsO,167.955635,177,322,55.0,Active,36.94840992388314,1.847420496194157,3.533676331870507,0.5482267676608241
https://comptox.epa.gov/dashboard/chemical/details/DTXSID5044578,"Sodium 2,5-dimethylbenzenesulfonate",827-19-0,C8H9NaO3S,208.017010,2,344,1.0,Active,57.23705455634422,2.861852727817211,0.0000997545737424008,-4.001067182803634
https://comptox.epa.gov/dashboard/chemical/details/DTXSID5044607,sec-Butylparaben,17696-61-6,C11H14O3,194.094294,44,319,14.0,Active,65.1638606461766,3.25819303230883,30.984460633565533,1.4911439405081273
https://comptox.epa.gov/dashboard/chemical/details/DTXSID5044817,Isobornyl cyclohexanol,3407-42-9,C16H28O,236.214016,77,321,24.0,Active,86.21394766558717,4.310697383279359,27.690069974890026,1.4423240532417902
https://comptox.epa.gov/dashboard/chemical/details/DTXSID5045889,Clofoctol,37693-01-9,C21H26Cl2O,364.136071,137,249,55.0,Active,120.60467324826914,6.0302336624134565,36.453396413805876,1.561737998361979
https://comptox.epa.gov/dashboard/chemical/details/DTXSID5045960,Alizarin,72-48-0,C14H8O4,240.042259,23,234,10.0,Active,61.892326374991235,3.0946163187495617,37.29516709643396,1.5716525572956075
https://comptox.epa.gov/dashboard/chemical/details/DTXSID5046192,Clostebol,1093-58-9,C19H27ClO2,322.169958,13,93,14.0,Active,76.87735550919183,3.8438677754595916,5.933309836731969,0.7732970277356606
https://comptox.epa.gov/dashboard/chemical/details/DTXSID5046198,Testosterone decanoate,5721-91-5,C29H46O3,442.344695,7,78,9.0,Active,87.21990293285106,4.360995146642553,13.652584008703167,1.135214857568245
https://comptox.epa.gov/dashboard/chemical/details/DTXSID5046308,Phenylmercury borate,102-98-7,C6H7BHgO3,340.019467,50,78,64.0,Active,38.32544169635037,1.9162720848175183,2.890281665596869,0.46094016796546877
https://comptox.epa.gov/dashboard/chemical/details/DTXSID5047112,Didodecyldimethylammonium bromide,3282-73-3,C26H56BrN,461.359614,160,319,50.0,Active,76.45350683633716,3.8226753418168578,48.64618971085578,1.687048829139725
https://comptox.epa.gov/dashboard/chemical/details/DTXSID5047900,Tetraoctylphosphonium bromide,23906-97-0,C32H68BrP,562.424202,150,234,64.0,Active,120.19823480466997,6.009911740233498,24.335232601742167,1.3862355016857644
https://comptox.epa.gov/dashboard/chemical/details/DTXSID5047956,"2,3,4,4'-Tetrahydroxybenzophenone",31127-54-5,C13H10O5,246.052823,30,234,13.0,Active,93.52021380065142,4.676010690032571,43.98911387870174,1.6433452135916342
https://comptox.epa.gov/dashboard/chemical/details/DTXSID5047904,Methyltrioctylammonium trifluoromethanesulfonate,121107-18-4,C26H54F3NO3S,517.377650,144,234,62.0,Active,124.18854648350036,6.209427324175018,25.486844726979797,1.4063160731122342
https://comptox.epa.gov/dashboard/chemical/details/DTXSID5047950,Trihexyltetradecylphosphonium hexafluorophosphate,374683-44-0,C32H68F6P2,628.470045,138,234,59.0,Active,80.95622634521882,4.047811317260941,58.5761375314947,1.7677207312229775
https://comptox.epa.gov/dashboard/chemical/details/DTXSID5048712,Testosterone phenylpropionate,1255-49-8,C28H36O3,420.266445,13,78,17.0,Active,85.2758639778179,4.2637931988908955,4.521264765948922,0.6552599401295689
https://comptox.epa.gov/dashboard/chemical/details/DTXSID5048631,Mecobalamin,13422-55-4,C63H91CoN13O14P,1343.587801,13,78,17.0,Active,60.847214236549206,3.0423607118274605,24.050587967245974,1.3811256980823723
https://comptox.epa.gov/dashboard/chemical/details/DTXSID5048972,Oxiglutatione,27025-41-8,C20H32N6O12S2,612.151963,9,78,12.0,Active,84.88821648364578,4.244410824182289,16.178331317380454,1.2089337251238244
https://comptox.epa.gov/dashboard/chemical/details/DTXSID5049021,Penfluridol,26864-56-2,C28H27ClF5NO,523.170133,143,234,61.0,Active,41.83537888492191,2.0917689442460956,38.10738286725853,1.5810091233894077
https://comptox.epa.gov/dashboard/chemical/details/DTXSID5049312,"9,10-Dibromoanthracene",523-27-3,C14H8Br2,333.899276,24,234,10.0,Active,27.887515203843797,1.3943757601921898,2.3319471431811682,0.36771870231128784
https://comptox.epa.gov/dashboard/chemical/details/DTXSID5049528,NTP Mix108 ER1 10-GP,NOCAS_49528,, ,7,234,3.0,Active,37.32902960194116,1.866451480097058,23.812504259649735,1.3768050707075563
https://comptox.epa.gov/dashboard/chemical/details/DTXSID6020143,Benzoic acid,65-85-0,C7H6O2,122.036779,5,601,1.0,Active,23.012710157940074,1.1506355078970036,62.430135487178326,1.7953942774472282
https://comptox.epa.gov/dashboard/chemical/details/DTXSID6020432,"3,3'-Dichlorobenzidine",91-94-1,C12H10Cl2N2,252.022104,75,234,32.0,Active,25.19522537928883,1.2597612689644415,3.796982289173562,0.5794385714004948
https://comptox.epa.gov/dashboard/chemical/details/DTXSID6020511,"3,3'-Dimethylbenzidine dihydrochloride",612-82-8,C14H18Cl2N2,284.084704,71,388,18.0,Active,38.44462464170119,1.9222312320850594,31.337117049366142,1.496059039766805
https://comptox.epa.gov/dashboard/chemical/details/DTXSID6020983,1-Nitropyrene,5522-43-0,C16H9NO2,247.063329,27,246,11.0,Active,69.5298537880681,3.476492689403405,0.7441303896771494,-0.1283509588684537
https://comptox.epa.gov/dashboard/chemical/details/DTXSID6021086,Oxamyl,23135-22-0,C7H13N3O3S,219.067762,26,677,4.0,Active,26.902268609780837,1.3451134304890418,59.559659907335806,1.7749522092146401
https://comptox.epa.gov/dashboard/chemical/details/DTXSID6021373,Triamterene,396-01-0,C12H11N7,253.107593,62,246,25.0,Active,29.744198539647545,1.4872099269823773,39.52033322491274,1.5968205977863072
https://comptox.epa.gov/dashboard/chemical/details/DTXSID6021084,gamma-Oryzanol,11042-64-1,, ,21,234,9.0,Active,97.93401115077674,4.896700557538837,11.422899968113562,1.0577763736354717
https://comptox.epa.gov/dashboard/chemical/details/DTXSID6021408,Triphenyltin acetate,900-95-8,C20H18O2Sn,410.032882,162,234,69.0,Active,82.1891023451625,4.109455117258125,39.99999999999999,1.6020599913279623
https://comptox.epa.gov/dashboard/chemical/details/DTXSID6022391,Apigenin,520-36-5,C15H10O5,270.052823,155,411,38.0,Active,92.39851685320676,4.619925842660338,8.475668707756626,0.9281739729083797
https://comptox.epa.gov/dashboard/chemical/details/DTXSID6022393,"3-(4-Hydroxyphenyl)-1-(2,4,6-trihydroxyphenyl)propan-1-one",60-82-2,C15H14O5,274.084124,43,234,18.0,Active,55.77215011329024,2.788607505664512,21.990161734257534,1.342228423541658
https://comptox.epa.gov/dashboard/chemical/details/DTXSID6022399,Coumestrol,479-13-0,C15H8O5,268.037173,38,238,16.0,Active,200.74482437125863,10.037241218562931,41.57978963868885,1.618882287809598
https://comptox.epa.gov/dashboard/chemical/details/DTXSID6022345,"o,p'-DDT",789-02-6,C14H9Cl5,351.914689,284,698,41.0,Active,51.61896056644885,2.5809480283224424,4.273422318734623,0.6307758138640065
https://comptox.epa.gov/dashboard/chemical/details/DTXSID6022553,Acitretin,55079-83-9,C21H26O3,326.188195,16,93,17.0,Active,102.72810601804208,5.136405300902104,7.952322028348158,0.9004939584494775
https://comptox.epa.gov/dashboard/chemical/details/DTXSID6023078,Foscarnet trisodium,63585-09-1,CNa3O5P,191.917643,4,234,2.0,Active,89.59140590824137,4.479570295412069,11.004771815754241,1.0415810418747193
https://comptox.epa.gov/dashboard/chemical/details/DTXSID6023024,Ethylestrenol,965-90-2,C20H32O,288.245316,59,261,23.0,Active,112.4795615516848,5.62397807758424,0.0008405966507078299,-3.07541234473982
https://comptox.epa.gov/dashboard/chemical/details/DTXSID6022898,Desogestrel,54024-22-5,C22H30O,310.229666,29,78,37.0,Active,64.78022384523089,3.2390111922615445,4.543237948032104,0.657365483196118
https://comptox.epa.gov/dashboard/chemical/details/DTXSID6023159,Iopanoic acid,96-83-3,C11H12I3NO2,570.800210,45,354,13.0,Active,25.341282138111698,1.2670641069055848,7.7471983902902375,0.8891446775241156
https://comptox.epa.gov/dashboard/chemical/details/DTXSID6023868,Hydramethylnon,67485-29-4,C25H24F6N4,494.190516,197,379,52.0,Active,61.877212041316106,3.0938606020658055,53.87537914640871,1.7313903395142867
https://comptox.epa.gov/dashboard/chemical/details/DTXSID6023810,Benzethonium chloride,121-54-0,C27H42ClNO2,447.290407,277,456,61.0,Active,74.00065181417462,3.700032590708731,36.24642208670612,1.5592651434673017
https://comptox.epa.gov/dashboard/chemical/details/DTXSID6025226,Econazole nitrate,24169-02-6,C18H16Cl3N3O4,443.020639,172,366,47.0,Active,57.653478499843374,2.8826739249921687,37.09234898790534,1.5692843372429404
https://comptox.epa.gov/dashboard/chemical/details/DTXSID6025436,8-Hydroxyquinoline sulfate,134-31-6,C18H16N2O6S,388.072907,91,356,26.0,Active,28.239186355676164,1.4119593177838081,51.16012641930482,1.7089316089719535
https://comptox.epa.gov/dashboard/chemical/details/DTXSID6025513,Malachite green oxalate,2437-29-8,C52H54N4O12,926.373823,158,234,68.0,Active,38.984106567740916,1.9492053283870459,37.332720920337394,1.5720896437603515
https://comptox.epa.gov/dashboard/chemical/details/DTXSID6025983,Pyrogallol,87-66-1,C6H6O3,126.031694,29,234,12.0,Active,68.261396801166,3.4130698400583,33.0241347685446,1.5188314479317087
https://comptox.epa.gov/dashboard/chemical/details/DTXSID6027345,Triphenylborane,960-71-4,C18H15B,242.126680,68,397,17.0,Active,21.158581411687365,1.0579290705843682,65.14194899728324,1.813860748181922
https://comptox.epa.gov/dashboard/chemical/details/DTXSID6027925,"(1,1,3,3-Tetramethylbutyl)phenol",27193-28-8,, ,132,234,56.0,Active,67.1323078958064,3.35661539479032,1.9624213508355262,0.2927922602796638
https://comptox.epa.gov/dashboard/chemical/details/DTXSID6032514,"1,2-Benzenedicarboxaldehyde",643-79-8,C8H6O2,134.036779,128,612,21.0,Active,35.10730274297847,1.7553651371489234,33.7472835099301,1.52823882000768
https://comptox.epa.gov/dashboard/chemical/details/DTXSID6036467,"Disodium 4,4'-bis(2-sulfostyryl)biphenyl",27344-41-8,C28H20Na2O6S2,562.049669,58,366,16.0,Active,58.297276564702514,2.914863828235126,39.52495374618062,1.5968713703742585
https://comptox.epa.gov/dashboard/chemical/details/DTXSID6038875,"2,2'-Dihydroxy-4,4'-dimethoxybenzophenone",131-54-4,C15H14O5,274.084124,30,234,13.0,Active,36.55649503315743,1.8278247516578716,74.53631288669351,1.8723679055553528
https://comptox.epa.gov/dashboard/chemical/details/DTXSID6037728,"2,3,4-Trihydroxbenzophenone",1143-72-2,C13H10O4,230.057909,43,322,13.0,Active,56.154226300751766,2.8077113150375883,42.22986691834247,1.6256197128073235
https://comptox.epa.gov/dashboard/chemical/details/DTXSID6040747,17alpha-Hydroxyprogesterone,68-96-2,C21H30O3,330.219495,87,641,14.0,Active,85.84623447174317,4.292311723587159,22.214815089468438,1.3466427026339356
https://comptox.epa.gov/dashboard/chemical/details/DTXSID6041422,7-(Dimethylamino)-4-methylcoumarin,87-01-4,C12H13NO2,203.094629,93,399,23.0,Active,75.89379155851626,3.794689577925813,41.687587746311934,1.6200067653883357
https://comptox.epa.gov/dashboard/chemical/details/DTXSID6044519,"1,1,3,3,5-Pentamethyl-4,6-dinitro-2,3-dihydro-1H-indene",116-66-5,C14H18N2O4,278.126657,69,434,16.0,Active,57.09686236379115,2.8548431181895575,31.94114802019373,1.5043505213790218
https://comptox.epa.gov/dashboard/chemical/details/DTXSID6045086,Estradiol phosphate,4995-43-1,C18H25O5P,352.143961,6,78,8.0,Active,104.46002353973344,5.223001176986672,0.0003227162876814466,-3.4911791149441997
https://comptox.epa.gov/dashboard/chemical/details/DTXSID6046218,Pregnandiol,80-92-2,C21H36O2,320.271530,6,78,8.0,Active,53.369563140490655,2.668478157024533,9.258261619226156,0.9665294488793836
https://comptox.epa.gov/dashboard/chemical/details/DTXSID6046719,Nitroblue tetrazolium dichloride,298-83-9,C40H30Cl2N10O6,816.172684,45,78,58.0,Active,55.30304486347696,2.7651522431738482,6.872207134492565,0.8370962410460353
https://comptox.epa.gov/dashboard/chemical/details/DTXSID6046478,Gestodene,60282-87-3,C21H26O2,310.193280,28,234,12.0,Active,95.42668460478217,4.771334230239108,0.7108188020829543,-0.14824109306021035
https://comptox.epa.gov/dashboard/chemical/details/DTXSID6046553,Quinestrol,152-43-2,C25H32O2,364.240230,59,246,24.0,Active,87.78275078385407,4.389137539192704,1.3482205806797332,0.1297609523884582
https://comptox.epa.gov/dashboard/chemical/details/DTXSID6046557,Cridanimod,38609-97-1,C15H11NO3,253.073893,47,237,20.0,Active,91.55473779052787,4.577736889526394,22.303056792618772,1.3483643902763014
https://comptox.epa.gov/dashboard/chemical/details/DTXSID6047288,UK-337312,203942-49-8,C34H42Cl2F6N2O4S,758.214653,373,648,58.0,Active,90.09535166724726,4.504767583362363,74.85267893646028,1.8742073481193149
https://comptox.epa.gov/dashboard/chemical/details/DTXSID6047498,Triphenyllead acetate,1162-06-7,C20H18O2Pb,498.107333,172,237,73.0,Active,84.10497010107589,4.205248505053794,45.38873036403406,1.6569480346131749
https://comptox.epa.gov/dashboard/chemical/details/DTXSID6047369,SR146131 trifluoroacetate (1:1),221671-62-1,C34H37ClF3N3O7S,723.199284,362,603,60.0,Active,31.911272169291777,1.5955636084645888,47.349263352890006,1.6753132267550557
https://comptox.epa.gov/dashboard/chemical/details/DTXSID6048678,D-Asparagine hydrate,5794-24-1,C4H10N2O4,150.064057,4,78,5.0,Active,65.81474868439712,3.2907374342198557,37.293182449641684,1.5716294458805982
https://comptox.epa.gov/dashboard/chemical/details/DTXSID6048884,"R-(-)-2,5-Dimethoxy-4-methylamphetamine hydrochloride",50505-88-9,C12H20ClNO2,245.118257,11,234,5.0,Active,103.9312146037613,5.196560730188065,0.000152519110736162,-3.816675735548273
https://comptox.epa.gov/dashboard/chemical/details/DTXSID6049351,Trihexyltetradecylphosphonium dicyanamide,701921-71-3,C34H68N3P,549.515086,146,234,62.0,Active,103.26802064373874,5.163401032186937,29.336855861394813,1.4674135670663702
https://comptox.epa.gov/dashboard/chemical/details/DTXSID6049515,NTP Mix117 ER1 5-EQP,NOCAS_49515,, ,7,234,3.0,Active,22.396230321277816,1.1198115160638908,25.097352053866427,1.39962790279347
https://comptox.epa.gov/dashboard/chemical/details/DTXSID6049517,NTP Mix97 ER1 10-EQC,NOCAS_49517,, ,5,234,2.0,Active,33.460157756284055,1.6730078878142027,29.068427112652937,1.463421532810116
https://comptox.epa.gov/dashboard/chemical/details/DTXSID7020182,Bisphenol A,80-05-7,C15H16O2,228.115030,221,951,23.0,Active,31.24909774491117,1.5624548872455586,0.9575861966775401,-0.018822122783331244
https://comptox.epa.gov/dashboard/chemical/details/DTXSID7020267,Chlordane,57-74-9,C10H6Cl8,405.797772,303,639,47.0,Active,97.35261745498693,4.867630872749347,94.86042678551154,1.977085074249815
https://comptox.epa.gov/dashboard/chemical/details/DTXSID7020768,Kaempferol,520-18-3,C15H10O6,286.047738,90,399,23.0,Active,63.72146604271603,3.1860733021358016,25.042784401396556,1.398682614591656
https://comptox.epa.gov/dashboard/chemical/details/DTXSID7021150,Phenylmercuric acetate,62-38-4,C8H8HgO2,338.023072,492,730,67.0,Active,39.212015041136624,1.9606007520568312,2.7710662582094607,0.44264691020327984
https://comptox.epa.gov/dashboard/chemical/details/DTXSID7021152,4-Phenylphenol,92-69-3,C12H10O,170.073165,128,526,24.0,Active,58.02895106906952,2.901447553453476,26.82113999331582,1.4284772329594548
https://comptox.epa.gov/dashboard/chemical/details/DTXSID7021283,Strobane,8001-50-1,, ,114,234,49.0,Active,37.70125960088581,1.8850629800442906,61.523527500036145,1.7890412281243453
https://comptox.epa.gov/dashboard/chemical/details/DTXSID7021368,Toxaphene,8001-35-2,, ,136,246,55.0,Active,70.36493831949944,3.5182469159749723,36.24001059236142,1.5591883159419566
https://comptox.epa.gov/dashboard/chemical/details/DTXSID7022382,Dienestrol,84-17-3,C18H18O2,266.130680,44,234,19.0,Active,103.23207092856242,5.161603546428121,0.0007333246722542545,-3.134703703189816
https://comptox.epa.gov/dashboard/chemical/details/DTXSID7022384,(Z)-4-Hydroxytamoxifen,68047-06-3,C26H29NO2,387.219829,151,238,63.0,Active,121.44908191544505,6.072454095772253,70.17568491563742,1.8461866600472008
https://comptox.epa.gov/dashboard/chemical/details/DTXSID7023350,Nandrolone,434-22-0,C18H26O2,274.193280,34,246,14.0,Active,95.27748869352484,4.763874434676242,0.45837379074886575,-0.33878022275653874
https://comptox.epa.gov/dashboard/chemical/details/DTXSID7023352,Nandrolone decanoate,360-70-3,C28H44O3,428.329045,10,234,4.0,Active,86.09705407198494,4.304852703599247,1.5716961752679546,0.19636859631067463
https://comptox.epa.gov/dashboard/chemical/details/DTXSID7023518,Promethazine,60-87-7,C17H20N2S,284.134720,59,234,25.0,Active,77.95229884053988,3.897614942026994,35.98163692830151,1.5560809170072405
https://comptox.epa.gov/dashboard/chemical/details/DTXSID7024457,9-Aminoacridine hydrochloride monohydrate,52417-22-8,C13H13ClN2O,248.071641,108,234,46.0,Active,84.72765692307175,4.236382846153587,14.954586851708074,1.1747744193397953
https://comptox.epa.gov/dashboard/chemical/details/DTXSID7024956,"N,N'-Bis(1-methylpropyl)-1,4-benzenediamine",101-96-2,C14H24N2,220.193949,135,234,58.0,Active,37.148467318449875,1.8574233659224937,69.41249834837274,1.8414376761468558
https://comptox.epa.gov/dashboard/chemical/details/DTXSID7025005,"3,4-Dichlorophenol",95-77-2,C6H4Cl2O,161.963920,17,234,7.0,Active,37.11528760382114,1.8557643801910568,65.33946498906927,1.815175574075044
https://comptox.epa.gov/dashboard/chemical/details/DTXSID7025429,6-Hydroxy-2-naphthyl disulfide,6088-51-3,C20H14O2S2,350.043522,153,394,39.0,Active,32.06364747661455,1.6031823738307274,35.437216497047146,1.549459601831041
https://comptox.epa.gov/dashboard/chemical/details/DTXSID7025689,Musk ambrette,83-66-9,C12H16N2O5,268.105922,5,234,2.0,Active,26.893779759514132,1.3446889879757067,37.43011863571272,1.573221203624006
https://comptox.epa.gov/dashboard/chemical/details/DTXSID7026156,"Toluene 2,4-diisocyanate",584-84-9,C9H6N2O2,174.042927,72,604,12.0,Active,49.2350117505871,2.461750587529355,39.99999999999999,1.6020599913279623
https://comptox.epa.gov/dashboard/chemical/details/DTXSID7026314,Zinc pyrithione,13463-41-7,C10H8N2O2S2Zn,315.931862,172,373,46.0,Active,34.354980739752904,1.7177490369876451,21.161650999730195,1.325549547677955
https://comptox.epa.gov/dashboard/chemical/details/DTXSID7026655,1-Ethoxy-4-nitrobenzene,100-29-8,C8H9NO3,167.058243,93,234,40.0,Active,43.1766213003455,2.1588310650172753,7.454079822472565,0.8723940391119116
https://comptox.epa.gov/dashboard/chemical/details/DTXSID7027544,2-Butenoic acid,3724-65-0,C4H6O2,86.036779,4,318,1.0,Active,46.2257210096379,2.311286050481895,43.137733252005944,1.634857320599403
https://comptox.epa.gov/dashboard/chemical/details/DTXSID7027756,3-Phenoxybenzenemethanol,13826-35-2,C13H12O2,200.083730,43,399,11.0,Active,33.835076625472894,1.6917538312736446,37.69017442268016,1.576228147283307
https://comptox.epa.gov/dashboard/chemical/details/DTXSID7029241,"2,4-Bis(1-methyl-1-phenylethyl)phenol",2772-45-4,C24H26O,330.198365,336,631,53.0,Active,69.98879647623589,3.4994398238117945,71.11851861869026,1.851982701808771
https://comptox.epa.gov/dashboard/chemical/details/DTXSID7032551,Fluazinam,79622-59-6,C13H4Cl2F6N4O4,463.951379,394,724,54.0,Active,40.81101759834195,2.0405508799170975,37.28737383339375,1.5715617968815883
https://comptox.epa.gov/dashboard/chemical/details/DTXSID7034042,Tetra-N-octylammonium bromide,14866-33-2,C32H68BrN,545.453514,152,234,65.0,Active,114.78987681231366,5.739493840615683,63.461944315371376,1.8025133736657724
https://comptox.epa.gov/dashboard/chemical/details/DTXSID7037717,Bisphenol AF,1478-61-1,C15H10F6O2,336.058499,401,794,51.0,Active,29.96798694332829,1.4983993471664145,0.39025466359883143,-0.4086518983536
https://comptox.epa.gov/dashboard/chemical/details/DTXSID7037715,"2,2-Dimethoxy-1,2-diphenylethanone",24650-42-8,C16H16O3,256.109944,34,436,8.0,Active,46.3668075068389,2.318340375341945,16.223793617367107,1.2101524130348544
https://comptox.epa.gov/dashboard/chemical/details/DTXSID7037555,tau-Fluvalinate,102851-06-9,C26H22ClF3N2O3,502.127105,55,393,14.0,Active,33.15263737312672,1.657631868656336,67.3193702962797,1.828140044942972
https://comptox.epa.gov/dashboard/chemical/details/DTXSID7038864,"2,2'-Methylenebis(ethyl-6-tert-butylphenol)",88-24-4,C25H36O2,368.271530,182,361,50.0,Active,136.0621868973741,6.803109344868704,38.717448037803855,1.5879067241625828
https://comptox.epa.gov/dashboard/chemical/details/DTXSID7041461,"3,3,4,4-Tetrachlorotetrahydrothiophene 1,1-dioxide",3737-41-5,C4H4Cl4O2S,255.868611,262,439,60.0,Active,22.986955233321357,1.149347761666068,70.17359399668088,1.8461737198372896
https://comptox.epa.gov/dashboard/chemical/details/DTXSID7041629,"2,2'-Dibenzoylaminodiphenyl disulfide",135-57-9,C26H20N2O2S2,456.096620,173,447,39.0,Active,31.17764861750839,1.5588824308754194,33.02637176594679,1.5188608652875821
https://comptox.epa.gov/dashboard/chemical/details/DTXSID7041887,Dipentaerythritol pentaacrylate,60506-81-2,C25H32O12,524.189376,154,319,48.0,Active,34.90119812149249,1.7450599060746246,66.59756476633551,1.8234583488718195
https://comptox.epa.gov/dashboard/chemical/details/DTXSID7043952,Triclabendazole,68786-66-3,C14H9Cl3N2OS,357.950117,35,78,45.0,Active,26.816056883020227,1.3408028441510114,31.98755447251426,1.5049810384682694
https://comptox.epa.gov/dashboard/chemical/details/DTXSID7044895,tert-Butyl 4-hydroxybenzoate,25804-49-3,C11H14O3,194.094294,38,319,12.0,Active,83.54153663787822,4.1770768318939115,36.85575523570615,1.5665053150429964
https://comptox.epa.gov/dashboard/chemical/details/DTXSID7045318,Esculin,531-75-9,C15H16O9,340.079432,19,78,24.0,Active,26.514683695746,1.3257341847873,10.000000000000002,1
https://comptox.epa.gov/dashboard/chemical/details/DTXSID7045867,Estradiol acetate,4245-41-4,C20H26O3,314.188195,47,246,19.0,Active,110.22964006176055,5.511482003088028,0.0006654480982591911,-3.1768858117424874
https://comptox.epa.gov/dashboard/chemical/details/DTXSID7046708,Polyethylene glycol (20) hexadecyl ether,NOCAS_46708,C56H114O21,1122.785261,46,78,59.0,Active,116.26840088578234,5.813420044289117,27.959890025244285,1.4465354588646493
https://comptox.epa.gov/dashboard/chemical/details/DTXSID7046754,Methenolone enanthate,303-42-4,C27H42O3,414.313395,9,78,12.0,Active,98.74235679542771,4.9371178397713855,8.212826974800311,0.9144926733470994
https://comptox.epa.gov/dashboard/chemical/details/DTXSID7047144,Chlorhexidine dihydrochloride,3697-42-5,C22H32Cl4N10,576.156552,253,443,57.0,Active,35.86785305270645,1.7933926526353225,66.79105612362646,1.8247183107358356
https://comptox.epa.gov/dashboard/chemical/details/DTXSID7047146,Diethylstilbestrol dipropionate,130-80-3,C24H28O4,380.198759,91,334,27.0,Active,91.03895310666816,4.551947655333408,0.0018960625512518432,-2.722147339352695
https://comptox.epa.gov/dashboard/chemical/details/DTXSID7046837,Bunamidine hydrochloride,1055-55-6,C25H39ClN2O,418.275092,46,78,59.0,Active,81.6540650402252,4.08270325201126,37.38748192737407,1.5727262161070814
https://comptox.epa.gov/dashboard/chemical/details/DTXSID7047433,Equilin,474-86-2,C18H20O2,268.146330,130,560,23.0,Active,108.18064876596347,5.409032438298174,0.004512308223587349,-2.345601242528421
https://comptox.epa.gov/dashboard/chemical/details/DTXSID7048669,Dapiprazole hydrochloride,72822-13-0,C19H28ClN5,361.203324,3,234,1.0,Active,57.21220659304726,2.860610329652363,24.934577498851805,1.396802013762651
https://comptox.epa.gov/dashboard/chemical/details/DTXSID7048617,Sincalide,25126-32-3,C49H62N10O16S3,1142.350739,4,93,4.0,Active,51.30206125618231,2.565103062809116,27.785886622733518,1.443824259290095
https://comptox.epa.gov/dashboard/chemical/details/DTXSID7048667,Estramustine phosphate,4891-15-0,C23H32Cl2NO6P,519.134430,17,78,22.0,Active,111.25156802695722,5.562578401347861,0.03179784306123265,-1.4976023384550279
https://comptox.epa.gov/dashboard/chemical/details/DTXSID7049340,7-Methylbenzo(a)pyrene,63041-77-0,C21H14,266.109550,51,234,22.0,Active,48.37152546307013,2.4185762731535063,4.691198741368846,0.6712838321054384
https://comptox.epa.gov/dashboard/chemical/details/DTXSID7049550,NTP Mix95 ER AR1 18-GP,NOCAS_49550,, ,16,234,7.0,Active,30.53684435962575,1.5268422179812875,26.92778982495123,1.4302007089176914
https://comptox.epa.gov/dashboard/chemical/details/DTXSID8021191,Proflavin hydrochloride,952-23-8,C13H12ClN3,245.071975,115,249,46.0,Active,28.96376694910118,1.448188347455059,9.605391582891054,0.982515074436888
https://comptox.epa.gov/dashboard/chemical/details/DTXSID8022329,Epitestosterone,481-30-1,C19H28O2,288.208930,12,78,15.0,Active,96.17981461441109,4.808990730720554,10.257360498264575,1.0110356192050345
https://comptox.epa.gov/dashboard/chemical/details/DTXSID8022406,"2,4-Dihydroxybenzophenone",131-56-6,C13H10O3,214.062994,88,570,15.0,Active,69.95468566704363,3.4977342833521816,26.101366529881716,1.4166632453019234
https://comptox.epa.gov/dashboard/chemical/details/DTXSID8022371,Testosterone,58-22-0,C19H28O2,288.208930,34,234,15.0,Active,72.14060565968575,3.6070302829842875,10.47702178882129,1.020237847103994
https://comptox.epa.gov/dashboard/chemical/details/DTXSID8022377,17alpha-Estradiol,57-91-0,C18H24O2,272.177630,195,652,30.0,Active,87.86451200468099,4.393225600234049,0.0017489682667401305,-2.757218070283862
https://comptox.epa.gov/dashboard/chemical/details/DTXSID8022955,Dithiazanine iodide,514-73-8,C23H23IN2S2,518.034740,41,78,53.0,Active,60.68475011905929,3.0342375059529645,33.406327095560734,1.523828729160542
https://comptox.epa.gov/dashboard/chemical/details/DTXSID8023000,Estradiol dipropionate,113-38-2,C24H32O4,384.230060,18,78,23.0,Active,89.96679166401135,4.4983395832005675,0.00046282118291166366,-3.334586771995323
https://comptox.epa.gov/dashboard/chemical/details/DTXSID8023004,Estradiol valerate,979-32-8,C23H32O3,356.235145,18,78,23.0,Active,111.5550799236013,5.577753996180065,0.0006003444771855293,-3.221599480264487
https://comptox.epa.gov/dashboard/chemical/details/DTXSID8023181,Ivermectin B1a,71827-03-7,C48H74O14,874.507857,35,78,45.0,Active,23.431622902221623,1.1715811451110811,33.260095474304514,1.5219234915432749
https://comptox.epa.gov/dashboard/chemical/details/DTXSID8023216,"3,5,3'-Triiodothyronine",6893-02-3,C15H12I3NO4,650.790040,151,700,22.0,Active,33.76551095421212,1.688275547710606,5.896757343206659,0.7706132565424924
https://comptox.epa.gov/dashboard/chemical/details/DTXSID8024866,Crystal Violet lactone,1552-42-7,C26H29N3O2,415.225977,54,234,23.0,Active,115.31267997277668,5.765633998638834,64.51540157836963,1.809663404899352
https://comptox.epa.gov/dashboard/chemical/details/DTXSID8026303,p-Xylenol blue,125-31-5,C23H22O5S,410.118795,58,442,13.0,Active,24.557179086379495,1.2278589543189748,1.0817213880510286,0.03411541676571012
https://comptox.epa.gov/dashboard/chemical/details/DTXSID8027292,Dibutyltin dichloride,683-18-1,C8H18Cl2Sn,303.980758,195,379,51.0,Active,40.01821338355006,2.000910669177503,28.04900066373143,1.4479173927237898
https://comptox.epa.gov/dashboard/chemical/details/DTXSID8027955,Isooctyl acrylate,29590-42-9,, ,22,576,4.0,Active,24.561751351552438,1.228087567577622,70.5357388078168,1.8484092196049355
https://comptox.epa.gov/dashboard/chemical/details/DTXSID8029602,"4,4'-Butane-1,1-diylbis(2-tert-butyl-5-methylphenol)",85-60-9,C26H38O2,382.287180,148,234,63.0,Active,158.76611716239182,7.938305858119591,37.46942674757163,1.573677048784462
https://comptox.epa.gov/dashboard/chemical/details/DTXSID8034742,"Milbemectin (mixture of 70% Milbemcin A4, 30% Milbemycin A3)",NOCAS_34742,, ,401,724,55.0,Active,117.38463360171806,5.869231680085903,71.38835480655689,1.8536273734606674
https://comptox.epa.gov/dashboard/chemical/details/DTXSID8035138,(4-Aminophenyl)arsonic acid,98-50-0,C6H8AsNO3,216.972013,2,234,1.0,Active,49.27570418831894,2.463785209415947,0.00005102832663787642,-4.292188673169869
https://comptox.epa.gov/dashboard/chemical/details/DTXSID8040278,Iodenphos,18181-70-9,C8H8Cl2IO3PS,411.835350,69,319,22.0,Active,27.318160069740685,1.3659080034870343,39.99999999999999,1.6020599913279623
https://comptox.epa.gov/dashboard/chemical/details/DTXSID8038857,2-Methyl-4'-(methylthio)-2-morpholinopropiophenone,71868-10-5,C15H21NO2S,279.129300,15,237,6.0,Active,51.385565203016974,2.5692782601508486,24.878118633116067,1.3958175344532653
https://comptox.epa.gov/dashboard/chemical/details/DTXSID8041242,"2,2,4-Trimethylpentane-1,3-diyl dibenzoate",68052-23-3,C22H26O4,354.183109,28,319,9.0,Active,62.79564985938925,3.1397824929694624,13.469975479959519,1.1293668051566925
https://comptox.epa.gov/dashboard/chemical/details/DTXSID8042264,Pentaerythritol tetraacrylate,4986-89-4,C17H20O8,352.115818,141,319,44.0,Active,35.05090778854913,1.7525453894274565,74.56165589913647,1.8725155444622328
https://comptox.epa.gov/dashboard/chemical/details/DTXSID8044204,Mibefradil dihydrochloride,116666-63-8,C29H40Cl2FN3O3,567.243076,130,234,56.0,Active,53.59663250460706,2.679831625230353,38.466764687441604,1.5850856607680077
https://comptox.epa.gov/dashboard/chemical/details/DTXSID8044549,Potassium dicyanoaurate,13967-50-5,C2AuKN2,287.936423,133,237,56.0,Active,22.34424291891354,1.117212145945677,8.607676983649787,0.9348859610580691
https://comptox.epa.gov/dashboard/chemical/details/DTXSID8044836,"2,4,4'-Trihydroxybenzophenone",1470-79-7,C13H10O4,230.057909,106,498,21.0,Active,68.57829900597446,3.428914950298723,23.139991722916214,1.364363199270335
https://comptox.epa.gov/dashboard/chemical/details/DTXSID8044913,N-[3-(Dimethylamino)propyl]dodecanamide,3179-80-4,C17H36N2O,284.282764,160,319,50.0,Active,21.87933358135426,1.093966679067713,38.345365707192265,1.583712884076135
https://comptox.epa.gov/dashboard/chemical/details/DTXSID8045852,Iproniazid sulfate,36504-56-0,C9H15N3O5S,277.073242,4,234,2.0,Active,62.11383213776602,3.1056916068883007,23.76691079385809,1.3759727361089604
https://comptox.epa.gov/dashboard/chemical/details/DTXSID8046034,Acarbose,56180-94-0,C25H43NO18,645.248014,5,234,2.0,Active,70.84880040164451,3.5424400200822257,20.00000000000001,1.3010299956639815
https://comptox.epa.gov/dashboard/chemical/details/DTXSID8046458,Estramustine,2998-57-4,C23H31Cl2NO3,439.168099,20,234,9.0,Active,114.32433841821094,5.716216920910547,0.00631646188222968,-2.1995261203405283
https://comptox.epa.gov/dashboard/chemical/details/DTXSID8046666,C.I. Basic Violet 1,8004-87-3,, ,46,85,54.0,Active,23.407407373484162,1.1703703686742082,35.9617440621017,1.5558407458581767
https://comptox.epa.gov/dashboard/chemical/details/DTXSID8046589,Protoporphyrin disodium,50865-01-5,C34H32N4Na2O4,606.221894,25,234,11.0,Active,129.37536540851085,6.468768270425542,8.781553315797389,0.9435713424224235
https://comptox.epa.gov/dashboard/chemical/details/DTXSID8046872,4-Chloromercuriphenol,623-07-4,C6H5ClHgO,329.973535,53,78,68.0,Active,35.76867936520876,1.788433968260438,20.000000000000007,1.3010299956639813
https://comptox.epa.gov/dashboard/chemical/details/DTXSID8047187,Citronellyl propionate,141-14-0,C13H24O2,212.177630,8,321,2.0,Active,24.400860417777835,1.2200430208888917,39.99999999999999,1.6020599913279623
https://comptox.epa.gov/dashboard/chemical/details/DTXSID8047973,"4,4'-Propane-2,2-diylbis(2,6-dimethylphenol)",5613-46-7,C19H24O2,284.177630,123,234,53.0,Active,22.413941253474285,1.1206970626737143,0.9075341876637696,-0.042137005703353006
https://comptox.epa.gov/dashboard/chemical/details/DTXSID8047923,1-Hexadecyl-3-methylimidazolium chloride,61546-01-8,C20H39ClN2,342.280177,126,234,54.0,Active,26.20771601996071,1.3103858009980356,33.89362376080724,1.530118004222107
https://comptox.epa.gov/dashboard/chemical/details/DTXSID8048812,Lemildipine,94739-29-4,C20H22Cl2N2O6,456.085492,74,246,30.0,Active,29.19693069829604,1.459846534914802,20.000000000000007,1.3010299956639813
https://comptox.epa.gov/dashboard/chemical/details/DTXSID8049254,1-Hexadecyl-3-methylimidazolium tetrafluoroborate,244193-64-4,C20H39BF4N2,394.314242,147,234,63.0,Active,67.70259150057076,3.385129575028538,37.30000568331715,1.5717088979811564
https://comptox.epa.gov/dashboard/chemical/details/DTXSID8048943,Canertinib,267243-28-7,C24H25ClFN5O3,485.162996,92,234,39.0,Active,55.22414068157041,2.7612070340785206,32.897469941798654,1.5171624987837982
https://comptox.epa.gov/dashboard/chemical/details/DTXSID8049541,NTP Mix86 ER AR1 18-EQP,NOCAS_49541,, ,21,234,9.0,Active,23.18203492674952,1.159101746337476,33.29869923893642,1.5224272688100506
https://comptox.epa.gov/dashboard/chemical/details/DTXSID8049543,NTP Mix88 ER AR1 18-GP,NOCAS_49543,, ,19,234,8.0,Active,27.294947725178368,1.3647473862589183,32.69972622358217,1.5145441165720512
https://comptox.epa.gov/dashboard/chemical/details/DTXSID8049547,NTP Mix92 ER AR1 18-GP,NOCAS_49547,, ,18,234,8.0,Active,22.07185180496159,1.1035925902480794,34.56263064199864,1.5386067902253922
https://comptox.epa.gov/dashboard/chemical/details/DTXSID9020110,Astemizole,68844-77-9,C28H31FN4O,458.248190,226,453,50.0,Active,116.85397382347224,5.842698691173612,53.64607667051571,1.7295379659543533
https://comptox.epa.gov/dashboard/chemical/details/DTXSID9020372,Mitotane,53-19-0,C14H10Cl4,317.953661,152,405,38.0,Active,30.04567993843234,1.502283996921617,7.769333749686611,0.8903837779719946
https://comptox.epa.gov/dashboard/chemical/details/DTXSID9020958,"4-Nitro-1,2-phenylenediamine",99-56-9,C6H7N3O2,153.053826,48,321,15.0,Active,35.71336945527316,1.785668472763658,40.3031964726107,1.6053394916836652
https://comptox.epa.gov/dashboard/chemical/details/DTXSID9021344,"4,4'-Thiodianiline",139-65-1,C12H12N2S,216.072120,21,324,6.0,Active,24.3114451377619,1.2155722568880951,37.45747702360948,1.5735385217945606
https://comptox.epa.gov/dashboard/chemical/details/DTXSID9021219,Quercetin dihydrate,6151-25-3,C15H14O9,338.063782,56,246,23.0,Active,25.62416890703623,1.2812084453518113,24.562677573951518,1.3902757074287542
https://comptox.epa.gov/dashboard/chemical/details/DTXSID9022360,"4-(1,1,3,3-Tetramethylbutyl)phenol",140-66-9,C14H22O,206.167065,307,695,44.0,Active,69.38823766813566,3.469411883406783,4.857985889886456,0.6864562490542598
https://comptox.epa.gov/dashboard/chemical/details/DTXSID9022310,Daidzein,486-66-8,C15H10O4,254.057909,95,656,14.0,Active,97.41268573533884,4.870634286766942,4.713111582250576,0.673307721741826
https://comptox.epa.gov/dashboard/chemical/details/DTXSID9022364,5alpha-Dihydrotestosterone,521-18-6,C19H30O2,290.224580,138,697,20.0,Active,116.56369481691823,5.828184740845911,0.5815478211047742,-0.23541456711266706
https://comptox.epa.gov/dashboard/chemical/details/DTXSID9022366,Estriol,50-27-1,C18H24O3,288.172545,70,551,13.0,Active,99.7920151813268,4.98960075906634,0.003555722932334105,-2.449072087309924
https://comptox.epa.gov/dashboard/chemical/details/DTXSID9022445,Bis(4-hydroxyphenyl)methane,620-92-8,C13H12O2,200.083730,44,455,10.0,Active,64.56216720863948,3.228108360431974,22.739819931429356,1.356787021341328
https://comptox.epa.gov/dashboard/chemical/details/DTXSID9022609,Androstenediol,521-17-5,C19H30O2,290.224580,11,234,5.0,Active,125.96908886040315,6.298454443020157,0.08053821264383029,-1.0939980127660225
https://comptox.epa.gov/dashboard/chemical/details/DTXSID9022574,Allylestrenol,432-60-0,C21H32O,300.245316,11,78,14.0,Active,96.94488822703406,4.847244411351703,1.8218911521620815,0.2605224267382601
https://comptox.epa.gov/dashboard/chemical/details/DTXSID9022526,Benzyl 4-hydroxybenzoate,94-18-8,C14H12O3,228.078644,94,372,25.0,Active,28.26369456448313,1.4131847282241565,34.03764186681374,1.5319594644646857
https://comptox.epa.gov/dashboard/chemical/details/DTXSID9022994,Erythromycin propionate,134-36-1,C40H71NO14,789.487456,30,234,13.0,Active,82.16431749561305,4.108215874780653,37.25131245464049,1.5711415786082552
https://comptox.epa.gov/dashboard/chemical/details/DTXSID9022998,Estradiol benzoate,50-50-0,C25H28O3,376.203845,12,78,15.0,Active,106.89331064444364,5.344665532222182,0.0007879172404483014,-3.10351939660202
https://comptox.epa.gov/dashboard/chemical/details/DTXSID9023380,Norethindrone,68-22-4,C20H26O2,298.193280,152,665,23.0,Active,86.1648769363455,4.308243846817275,0.37507682589937974,-0.4258797678805482
https://comptox.epa.gov/dashboard/chemical/details/DTXSID9024930,"3,4-Diaminotoluene",496-72-0,C7H10N2,122.084398,87,628,14.0,Active,31.187983872730403,1.5593991936365201,62.139281766571436,1.793366229179377
https://comptox.epa.gov/dashboard/chemical/details/DTXSID9025035,7-Diethylamino-4-methylcoumarin,91-44-1,C14H17NO2,231.125929,105,445,24.0,Active,118.67502932288194,5.933751466144097,30.912678505529094,1.4901366372138323
https://comptox.epa.gov/dashboard/chemical/details/DTXSID9025401,"1,6-Hexanediol diacrylate",13048-33-4,C12H18O4,226.120509,202,440,46.0,Active,56.90218735853663,2.8451093679268316,68.52273466270714,1.835834686827396
https://comptox.epa.gov/dashboard/chemical/details/DTXSID9035204,Tributyltin methacrylate,2155-70-6,C16H32O2Sn,376.142432,511,754,68.0,Active,37.586374523864926,1.8793187261932462,6.935689363841589,0.8410896336909686
https://comptox.epa.gov/dashboard/chemical/details/DTXSID9034997,Tributyltetradecylphosphonium chloride,81741-28-8,C26H56ClP,434.380816,218,386,56.0,Active,84.59738717544602,4.229869358772301,29.06027793323086,1.4632997635852405
https://comptox.epa.gov/dashboard/chemical/details/DTXSID9036515,Testosterone propionate,57-85-2,C22H32O3,344.235145,252,661,38.0,Active,104.98232832698565,5.249116416349283,3.6999667835096774,0.5681978252012629
https://comptox.epa.gov/dashboard/chemical/details/DTXSID9042124,Mercuric iodide,7774-29-0,HgI2,455.779580,148,237,62.0,Active,25.250339539629998,1.2625169769815,51.75156987236924,1.7139235285553558
https://comptox.epa.gov/dashboard/chemical/details/DTXSID9044247,Lactitol,585-86-4,C12H24O11,344.131862,6,234,3.0,Active,88.64246128461237,4.432123064230618,3.931654684573951,0.594575366950105
https://comptox.epa.gov/dashboard/chemical/details/DTXSID9044615,Ethylene acrylate,2274-11-5,C8H10O4,170.057909,55,321,17.0,Active,161.57321197944066,8.078660598972032,33.601854800747184,1.5263632508272478
https://comptox.epa.gov/dashboard/chemical/details/DTXSID9044796,(Acryloyloxy)(tributyl)stannane,13331-52-7,C15H30O2Sn,362.126782,195,334,58.0,Active,43.63668499129743,2.1818342495648713,6.985083781720472,0.8441716195727019
https://comptox.epa.gov/dashboard/chemical/details/DTXSID9044821,"Ethyl 2-cyano-3,3-diphenylacrylate",5232-99-5,C18H15NO2,277.110279,71,451,16.0,Active,22.346606304754452,1.1173303152377225,12.560078452937388,1.0989923521059055
https://comptox.epa.gov/dashboard/chemical/details/DTXSID9045922,Benazepril hydrochloride,86541-74-4,C24H29ClN2O5,460.176500,84,234,36.0,Active,31.294938921345913,1.5647469460672956,20.000000000000007,1.3010299956639813
https://comptox.epa.gov/dashboard/chemical/details/DTXSID9046788,Norelgestromin,53016-31-2,C21H29NO2,327.219829,23,78,29.0,Active,85.21445023287116,4.260722511643558,0.3734785737566072,-0.42773430834975523
https://comptox.epa.gov/dashboard/chemical/details/DTXSID9046601,"D-Fructose 1,6-bisphosphate trisodium",38099-82-0,C6H11Na3O12P2,405.941883,3,78,4.0,Active,34.74049697529867,1.7370248487649333,28.548360603415315,1.4555811738311548
https://comptox.epa.gov/dashboard/chemical/details/DTXSID9046782,Etonogestrel,54048-10-1,C22H28O2,324.208930,14,93,15.0,Active,70.63509158573476,3.531754579286738,3.396273084910923,0.5310026033921912
https://comptox.epa.gov/dashboard/chemical/details/DTXSID9046867,Pyrrolnitrin,1018-71-9,C10H6Cl2N2O2,255.980633,25,78,32.0,Active,48.59279822470735,2.4296399112353675,18.25158840535954,1.2613006663631334
https://comptox.epa.gov/dashboard/chemical/details/DTXSID9047540,3-Hydroxyfluorene,6344-67-8,C13H10O,182.073165,179,650,28.0,Active,48.02247253446274,2.401123626723137,60.34220336638888,1.780621164181587
https://comptox.epa.gov/dashboard/chemical/details/DTXSID9047885,Nonylparaben,38713-56-3,C16H24O3,264.172545,109,234,47.0,Active,55.34206458433475,2.7671032292167377,8.370153089663397,0.9227334012893214
https://comptox.epa.gov/dashboard/chemical/details/DTXSID9047889,1-Ethyl-3-methyl-1H-imidazol-3-ium diethyl phosphate,848641-69-0,C10H21N2O4P,264.123894,145,253,57.0,Active,58.144208903310854,2.9072104451655427,37.862620146358005,1.5782106644542833
https://comptox.epa.gov/dashboard/chemical/details/DTXSID9047887,Pentylparaben,6521-29-5,C12H16O3,208.109944,56,234,24.0,Active,24.83513473168442,1.241756736584221,32.091821586979165,1.506394369096772
https://comptox.epa.gov/dashboard/chemical/details/DTXSID9047962,4-Benzylphenol,101-53-1,C13H12O,184.088815,33,234,14.0,Active,57.72379439485923,2.8861897197429616,53.01875427604968,1.7244295193723043
https://comptox.epa.gov/dashboard/chemical/details/DTXSID9047960,"4,4'-Thiodiphenol",2664-63-3,C12H10O2S,218.040151,44,234,19.0,Active,38.6595505514568,1.9329775275728402,14.512445517323194,1.1617406023197354
https://comptox.epa.gov/dashboard/chemical/details/DTXSID9048699,Chloramphenicol palmitate,530-43-8,C27H42Cl2N2O6,560.241993,4,78,5.0,Active,57.862711012905834,2.8931355506452916,0.00005000000239849333,-4.301029974830933
https://comptox.epa.gov/dashboard/chemical/details/DTXSID9048984,Pamoic acid,130-85-8,C23H16O6,388.094688,6,78,8.0,Active,51.63215031497078,2.581607515748539,26.327721713457045,1.420413278776262
https://comptox.epa.gov/dashboard/chemical/details/DTXSID9049534,NTP Mix114 ER1 10-GP,NOCAS_49534,, ,9,234,4.0,Active,28.11459284452392,1.405729642226196,29.5550184275983,1.470631234468251
https://comptox.epa.gov/dashboard/chemical/details/DTXSID9049536,NTP Mix116 ER1 10-GP,NOCAS_49536,, ,10,234,4.0,Active,32.343975924543116,1.617198796227156,23.850860274927683,1.3775040481944147
https://comptox.epa.gov/dashboard/chemical/details/DTXSID9049401,Thioridazine hydrochloride,130-61-0,C21H27ClN2S2,406.130419,145,234,62.0,Active,36.01795053648829,1.8008975268244147,68.34589061783232,1.834712407189847